x,y,z,x_quat,y_quat,z_quat,w_quat,speed
89659.67399930622196,43185.83644553650083,0.0,0.0,0.0,-0.3799748883356249,0.9249968022832995,1.376179323781495
89659.89797011698829,43185.60231783759082,0.0,0.0,0.0,-0.4198760467451381,0.9075814593576020,1.532942181219818
89660.10522508212307,43185.35209707387548,0.0,0.0,0.0,-0.4326342497629664,0.9015695236264563,1.674571515696793
89660.30308335191512,43185.09474073280580,0.0,0.0,0.0,-0.4512960266484400,0.8923743028187950,1.805268189540549
89660.49000103025173,43184.82872657382541,0.0,0.0,0.0,-0.4708490471095813,0.8822137920232257,1.927344049290630
89660.66509751451667,43184.55389220247889,0.0,0.0,0.0,-0.4915761761137714,0.8708345784805300,2.042427436736701
89660.82089719016221,43184.26796064250811,0.0,0.0,0.0,-0.5355787847130108,0.8444852665176192,2.150898347070920
89660.93903655902250,43183.96550627358374,0.0,0.0,0.0,-0.5702682060513414,0.8214585644857474,2.254252787847038
89661.06045058883319,43183.66368453171890,0.0,0.0,0.0,-0.5595908163940385,0.8287690379155422,2.353067650427656
89661.16457640501903,43183.35639971005003,0.0,0.0,0.0,-0.6415120546058873,0.7671129537397560,2.447893793727534
89661.21939415094675,43183.03582496051240,0.0,0.0,0.0,-0.6347100648948308,0.7727503694733505,2.539042755693368
89661.28652690736635,43182.71823713216872,0.0,0.0,0.0,-0.6279303729314536,0.7782695206354708,2.627039200117213
89661.35161088289169,43182.39969523934997,0.0,0.0,0.0,-0.6399024521667429,0.7684561482029989,2.712459474451804
89661.39992560537939,43182.07648867673561,0.0,0.0,0.0,-0.6668113742657095,0.7452265367992983,2.795748515078488
89661.42208615835989,43181.74954264498956,0.0,0.0,0.0,-0.6994998195445827,0.7146327745472468,2.876619470447622
89661.41189968565595,43181.42255577151082,0.0,0.0,0.0,-0.7371841518254294,0.6756918871034506,2.955120538164253
89661.36321634084743,43181.09926405276201,0.0,0.0,0.0,-0.7789470612411291,0.6270896871929953,3.031764724078662
89661.27460614158190,43180.78257117230532,0.0,0.0,0.0,-0.8048487351239647,0.5934800026701440,3.106844825238419
89661.19439949661319,43180.46660593894921,0.0,0.0,0.0,-0.7598553986788417,0.6500921266240799,3.178829414506859
89661.14954107538506,43180.14762007227546,0.0,0.0,0.0,-0.8187315789367545,0.5741764551527073,3.250177172851519
89661.04263400960190,43179.84059218238690,0.0,0.0,0.0,-0.8151422741772120,0.5792607986470368,3.319133780436489
89660.92867760853551,43179.53738137410255,0.0,0.0,0.0,-0.8309279893988585,0.5563799748675096,3.386958800986508
89660.79499187611509,43179.24074104591273,0.0,0.0,0.0,-0.8485800223467781,0.5290670521530721,3.453607712123890
89660.64249770891911,43178.95328949607210,0.0,0.0,0.0,-0.8649693607609777,0.5018246755040505,3.518919056950561
89660.47247031079314,43178.67615214016405,0.0,0.0,0.0,-0.8799857232094164,0.4750001336290342,3.583013247730569
89660.28604933542374,43178.40981798876601,0.0,0.0,0.0,-0.8936431219962180,0.4487783088662516,3.645988521287882
89660.08456808148185,43178.15453657947364,0.0,0.0,0.0,-0.9057987735046810,0.4237081329375396,3.707924668575822
89659.86949232102779,43177.91039516929595,0.0,0.0,0.0,-0.9165951904983339,0.3998165288670829,3.768862664387404
89659.64196471247124,43177.67779913367849,0.0,0.0,0.0,-0.9268431514560119,0.3754487616161333,3.828814690226093
89659.40229170644307,43177.45797872910043,0.0,0.0,0.0,-0.9369134028432345,0.3495615476174559,3.887805529917157
89659.15065467663226,43177.25227100563643,0.0,0.0,0.0,-0.9466587659106724,0.3222377707912010,3.945893306866650
89658.88739022037771,43177.06150454594899,0.0,0.0,0.0,-0.9556347288908974,0.2945543497177066,4.003199189721393
89658.61305252171587,43176.88609412098594,0.0,0.0,0.0,-0.9638088320228724,0.2665943272365460,4.059785968107996
89658.32862224998826,43176.72689325676765,0.0,0.0,0.0,-0.9712581040547913,0.2380287699163533,4.115619164473939
89658.03523958193546,43176.58492941434088,0.0,0.0,0.0,-0.9779850632062131,0.2086749054044098,4.170674049901714
89657.73404499926255,43176.46123038730002,0.0,0.0,0.0,-0.9839653865102206,0.1783595193697053,4.224939937314371
89657.42621875459736,43176.35641181624669,0.0,0.0,0.0,-0.9888033318426177,0.1492245654607114,4.278473253133508
89657.11323131019890,43176.26808185934351,0.0,0.0,0.0,-0.9920325915244920,0.1259814960746241,4.331378715827197
89656.79668175826373,43176.19251566386083,0.0,0.0,0.0,-0.9940605920609406,0.1088280263142372,4.383668825682456
89656.47816976724425,43176.12598240337684,0.0,0.0,0.0,-0.9952120078442519,0.0977397536451397,4.435289659603196
89656.15886260897969,43176.06546956213424,0.0,0.0,0.0,-0.9960103804546989,0.0892374474449254,4.486280958275168
89655.83867391482636,43176.00994112349144,0.0,0.0,0.0,-0.9965675193423033,0.0827839319670667,4.536708080176900
89655.51788746961392,43175.95755614360678,0.0,0.0,0.0,-0.9968405377745397,0.0794288502331893,4.586590596903624
89655.19686469265434,43175.90632588174776,0.0,0.0,0.0,-0.9968609221023348,0.0791726088068518,4.635940875610076
89654.87594545127649,43175.85439839338505,0.0,0.0,0.0,-0.9966941725734930,0.0812448543480756,4.684769573636731
89654.55532365752151,43175.80084814856673,0.0,0.0,0.0,-0.9964488331517616,0.0842004923411540,4.733087614097061
89654.23513267980888,43175.74513390249922,0.0,0.0,0.0,-0.9961198842148329,0.0880066831088866,4.780906751254709
89653.91550612183346,43175.68671007098601,0.0,0.0,0.0,-0.9956862575676492,0.0927840314436112,4.828241202168237
89653.59665536899411,43175.62402306869626,0.0,0.0,0.0,-0.9947787275206296,0.1020552951709860,4.875148265730809
89653.27892522631737,43175.55379569531942,0.0,0.0,0.0,-0.9935289039631712,0.1135795623769515,4.921674449339579
89652.96200099751877,43175.48140619135665,0.0,0.0,0.0,-0.9942621846163234,0.1069705952211917,4.902195100502436
89652.64490531153569,43175.41938950633630,0.0,0.0,0.0,-0.9962910770500341,0.0860470208111998,4.795825258589976
89652.32630490377778,43175.36913770381216,0.0,0.0,0.0,-0.9974358946487105,0.0715656067278574,4.686767402232817
89652.00467107488657,43175.32530336380296,0.0,0.0,0.0,-0.9978761589995611,0.0651396292611710,4.573970814261238
89651.67847261956194,43175.28245265195437,0.0,0.0,0.0,-0.9977743339789787,0.0666811701517410,4.456342807756494
89651.34790002611408,43175.23392381214217,0.0,0.0,0.0,-0.9965431919333015,0.0830762698451662,4.334492029292032
89651.02242716433830,43175.16643412692792,0.0,0.0,0.0,-0.9920587729996987,0.1257751601642089,4.211243392069871
89650.71464289148571,43175.06447925178509,0.0,0.0,0.0,-0.9801406374605059,0.1983036328424498,4.087894536673358
89650.43710498443397,43174.91260473049624,0.0,0.0,0.0,-0.9536119380905393,0.3010386545465638,3.962328929118966
89650.19654921091569,43174.70434594189283,0.0,0.0,0.0,-0.9200922498370536,0.3917017383032516,3.829794494070487
89649.98728805259452,43174.45242121184128,0.0,0.0,0.0,-0.8914601594825619,0.4530990885615699,3.688220427924366
89649.80203745480685,43174.17201409763948,0.0,0.0,0.0,-0.8713954586061152,0.4905812417129686,3.538235493734827
89649.63351336272899,43173.87830815654888,0.0,0.0,0.0,-0.8609070719092848,0.5087622367438265,3.382366461412617
89649.47443172155181,43173.58648694580916,0.0,0.0,0.0,-0.8605085284879804,0.5094360336680657,3.224470652512169
89649.31750707852188,43173.31171346431074,0.0,0.0,0.0,-0.8711525615073761,0.4910124383140791,3.069032625293276
89649.15498231342644,43173.06221485315473,0.0,0.0,0.0,-0.8874422209398304,0.4609189782308614,2.912506745879039
89648.97794510892709,43172.82923110148113,0.0,0.0,0.0,-0.9038769684221456,0.4277925033891917,2.745396555206143
89648.77730954979779,43172.60144944846252,0.0,0.0,0.0,-0.9179679377012642,0.3966545919972289,2.555610118758315
89648.54398972097260,43172.36755713324965,0.0,0.0,0.0,-0.9284532432314750,0.3714492901231006,2.326877086675176
89648.26889970732736,43172.11624139507330,0.0,0.0,0.0,-0.9353804755988014,0.3536429921100657,2.034303826848513
89647.95080751313071,43171.83855682727881,0.0,0.0,0.0,-0.9319080414863882,0.3626946404525497,1.670086750115397
89647.73981548889424,43171.57117371907225,0.0,0.0,0.0,-0.7925106827795682,0.6098580307581943,1.416398448680838
89647.89038289687596,43171.38141447352973,0.0,0.0,0.0,-0.2353871735360396,0.9719016815165588,1.581502747862013
89648.17029219072720,43171.17767396649288,0.0,0.0,0.0,-0.5256191259685776,0.8507200094132197,1.491841527215690
89648.10060549431364,43170.84066423674085,0.0,0.0,0.0,-0.8921882089772937,0.4516638127655225,1.669178097698835
89647.78410776775854,43170.67063195649826,0.0,0.0,0.0,0.9976579848040606,0.0683998929582553,1.697621142191096
89647.53381710317626,43170.65501097099332,0.0,0.0,0.0,-0.8477706578943653,0.5303629998532655,1.433098733819104
89647.49340060391114,43170.28551146670361,0.0,0.0,0.0,-0.7159458053388389,0.6981558592590350,1.631604615601489
89647.43960018666985,43169.90600354944036,0.0,0.0,0.0,-0.8087312891064141,0.5881782910141088,1.768359473668474
89647.30538645840716,43169.62397935532499,0.0,0.0,0.0,-0.8686233366339186,0.4954730053746200,1.886232561511967
89647.14821903659322,43169.34611793485965,0.0,0.0,0.0,-0.8436541590656168,0.5368870084955371,2.004024118870627
89647.05427682888694,43169.03500722200988,0.0,0.0,0.0,-0.7675124387191833,0.6410340524584727,2.114969255985647
89647.01305852705264,43168.71194429312891,0.0,0.0,0.0,-0.7370261939663579,0.6758641797043726,2.219855122816781
89646.99653895972006,43168.38757020205230,0.0,0.0,0.0,-0.7152104390330792,0.6989091699914304,2.320143026984265
89646.99126260378398,43168.06217594231566,0.0,0.0,0.0,-0.7141614763948883,0.6999809894800526,2.416341370592828
89646.97654453509313,43167.73730928303121,0.0,0.0,0.0,-0.7352322812429766,0.6778152348673263,2.508767614674210
89646.93156044688658,43167.41454602542217,0.0,0.0,0.0,-0.7760080431626044,0.6307230112711487,2.598705780565280
89646.92719072186446,43167.09638596707373,0.0,0.0,0.0,-0.5984319375666926,0.8011736491548972,2.685691338191923
89647.04969234035525,43166.78332233765104,0.0,0.0,0.0,-0.5603066248046829,0.8282852686122001,2.771946960763452
89647.16189165605465,43166.47077383503347,0.0,0.0,0.0,-0.5964922433551351,0.8026188408062437,2.853475749775770
89647.22904859077244,43166.15460084068764,0.0,0.0,0.0,-0.6674341393448597,0.7446688321911871,2.931228672581099
89647.22511444166594,43165.83118929744523,0.0,0.0,0.0,-0.7325098719597340,0.6807564083293921,3.007779874792841
89647.29187967850885,43165.52657839607127,0.0,0.0,0.0,-0.5220709340742435,0.8529020692874691,3.082017294475050
89647.48021075746510,43165.24830010178994,0.0,0.0,0.0,-0.4415038435051465,0.8972593583631118,3.159278893643361
89647.67395651922561,43164.97314295654360,0.0,0.0,0.0,-0.4950509976570256,0.8688639189877686,3.230549753571894
89647.83494733191037,43164.69240485569753,0.0,0.0,0.0,-0.4947132607861210,0.8690562637725842,3.300259989984268
89648.00870582794596,43164.41565855878434,0.0,0.0,0.0,-0.4723651360376586,0.8814029602038583,3.369121293923073
89648.19855104938324,43164.14751670607802,0.0,0.0,0.0,-0.4457112359823420,0.8951767948953396,3.436765687978616
89648.40538136156101,43163.89226724565378,0.0,0.0,0.0,-0.4140826672087701,0.9102392788257772,3.502967005670566
89648.63009512980352,43163.65419812560140,0.0,0.0,0.0,-0.3767714906805394,0.9263062365170409,3.567656991349526
89648.87359071943501,43163.43759729396697,0.0,0.0,0.0,-0.3331442918291848,0.9428758565270567,3.630945266314379
89649.13621788306045,43163.24593161944358,0.0,0.0,0.0,-0.2880892502720071,0.9576035630038732,3.693133281056096
89649.41464327009453,43163.07715566656407,0.0,0.0,0.0,-0.2516152642112205,0.9678273393616847,3.754412450133490
89649.70401767954172,43162.92695530752826,0.0,0.0,0.0,-0.2240571579079572,0.9745760052403346,3.814702392070989
89649.99972872729995,43162.79107375768217,0.0,0.0,0.0,-0.2042722351286587,0.9789141198059930,3.873886972010679
89650.29950188004295,43162.66587730017636,0.0,0.0,0.0,-0.1896084261222434,0.9818597887394339,3.932146078211062
89650.60237420302292,43162.54808177631639,0.0,0.0,0.0,-0.1800519462378779,0.9836571031899034,3.989616415549943
89650.90740201603330,43162.43442970003525,0.0,0.0,0.0,-0.1752071743732542,0.9845315871256443,4.046384459868124
89651.21431748288160,43162.32491127863614,0.0,0.0,0.0,-0.1640025107000863,0.9864599213774821,4.102345274949791
89651.52422389190178,43162.22610550434911,0.0,0.0,0.0,-0.1414821606326211,0.9899408054134980,4.157402773360724
89651.83839038293809,43162.14538832724065,0.0,0.0,0.0,-0.1074239202668690,0.9942133077737882,4.211635137515769
89652.15744562391774,43162.08697005352587,0.0,0.0,0.0,-0.0755768592255056,0.9971399793156466,4.265276447833727
89652.47993183090875,43162.04474833911081,0.0,0.0,0.0,-0.0566771488806383,0.9983925584632339,4.318392813430821
89652.80396706151078,43162.01052436348255,0.0,0.0,0.0,-0.0506368432927825,0.9987171321757439,4.370893654616584
89653.12774652511871,43161.97642615086079,0.0,0.0,0.0,-0.0547373140675392,0.9985007894081364,4.422677377352962
89653.45074050973926,43161.93998346015724,0.0,0.0,0.0,-0.0570082818503084,0.9983737054833104,4.473802357550621
89653.77346648299135,43161.90316231393808,0.0,0.0,0.0,-0.0559837709719852,0.9984316788783077,4.524338923477973
89654.09644049887720,43161.86792949671508,0.0,0.0,0.0,-0.0526356000179014,0.9986137860107658,4.574342534462063
89654.41975064470898,43161.83452783248504,0.0,0.0,0.0,-0.0505262445479928,0.9987227336012114,4.623819223405744
89654.74318260353175,43161.80198198195285,0.0,0.0,0.0,-0.0499804955173820,0.9987501940264327,4.672768448897656
89655.06656204628234,43161.76946054646396,0.0,0.0,0.0,-0.0502284255496170,0.9987377560034498,4.721201430184991
89655.38988158377470,43161.73674286951427,0.0,0.0,0.0,-0.0505989867168513,0.9987190508562596,4.769139547177847
89655.71317139541497,43161.70374573762092,0.0,0.0,0.0,-0.0510920635842831,0.9986939476329570,4.816603197424036
89656.03646166055114,43161.67038593735197,0.0,0.0,0.0,-0.0517074502372273,0.9986622750409493,4.863611873290234
89656.35978255857481,43161.63658025524637,0.0,0.0,0.0,-0.0524448495652835,0.9986238219440166,4.910184232475964
89656.68316382335615,43161.60247315945162,0.0,0.0,0.0,-0.0517803042362970,0.9986585002357896,4.956323095991230
89657.00663032924058,43161.57069284894533,0.0,0.0,0.0,-0.0450457912045550,0.9989849231568791,5.001990323331945
89657.33022425397940,43161.54507277503581,0.0,0.0,0.0,-0.0342867127375314,0.9994120378150615,5.047197462729643
89657.65427434894082,43161.52490714487794,0.0,0.0,0.0,-0.0289140926268944,0.9995819002200687,5.092072639069396
89657.97932160460914,43161.50611233277596,0.0,0.0,0.0,-0.0298884170619047,0.9995532414661731,5.047831037325155
89658.30519287673815,43161.48988102544536,0.0,0.0,0.0,-0.0111679766910994,0.9999376362036920,4.943637042057750
89658.62828415312106,43161.50294610115088,0.0,0.0,0.0,0.0583521072512470,0.9982960640908783,4.838117056636391
89658.94620612093422,43161.56174830302189,0.0,0.0,0.0,0.1185620753358273,0.9929466422180305,4.729413964499543
89659.26078617703752,43161.64898873321363,0.0,0.0,0.0,0.1457248393368636,0.9893251594901674,4.617259076446429
89659.57431573803478,43161.74365569055954,0.0,0.0,0.0,0.1412186916017521,0.9899784245842377,4.502589526763932
89659.88976921558788,43161.82508450256864,0.0,0.0,0.0,0.1117487242333464,0.9937364955722515,4.385181327657296
89660.20215435831051,43161.91152040865563,0.0,0.0,0.0,0.1777293729930802,0.9840794022717306,4.265926905851393
89660.49351479942561,43162.05124580500706,0.0,0.0,0.0,0.2570114663450700,0.9664083537341536,4.319018062723938
89660.77098174818093,43162.22506680450169,0.0,0.0,0.0,0.2875247163799096,0.9577732181840608,4.371946781537612
89661.04573289398104,43162.40327777958009,0.0,0.0,0.0,0.2723044956210730,0.9622111315426324,4.423735849446347
89661.32609879590746,43162.56998418903822,0.0,0.0,0.0,0.2672834705543923,0.9636179462672949,4.475206951764683
89661.59868569264654,43162.74872395784769,0.0,0.0,0.0,0.3132931917123398,0.9496564515795674,4.525672794617794
89661.84040893729252,43162.96351234603208,0.0,0.0,0.0,0.3964156327895782,0.9180711552380013,4.575614339495995
89662.05468585948984,43163.20904701244581,0.0,0.0,0.0,0.4184654568026243,0.9082327132750565,4.625242951784379
89662.26794994056399,43163.45520922664582,0.0,0.0,0.0,0.4128122681060898,0.9108161347391173,4.674215033750558
89662.48319436705788,43163.69872571039741,0.0,0.0,0.0,0.4094272882953109,0.9123427511627131,4.722602409114049
89662.69939009220980,43163.94091420266341,0.0,0.0,0.0,0.4083432452710088,0.9128284581680945,4.770468401392944
89662.91550806924351,43164.18309244244301,0.0,0.0,0.0,0.4095713562360154,0.9122780848792713,4.817871933522265
89663.13071632613719,43164.42633644877787,0.0,0.0,0.0,0.4117015425803455,0.9113187366870956,4.864847283439508
89663.34517528026481,43164.67050503595965,0.0,0.0,0.0,0.4128554161796543,0.9107965773602382,4.911396040688499
89663.55935702756688,43164.91507473222009,0.0,0.0,0.0,0.4130273091912809,0.9107186403397101,4.957518716186897
89663.77373377594631,43165.15952192842087,0.0,0.0,0.0,0.4122183060405697,0.9110851047871671,5.003215582019073
89663.98876136496256,43165.40333941819699,0.0,0.0,0.0,0.4106597041629101,0.9117886857034535,5.048488735018040
89664.20432041461754,43165.64659642360493,0.0,0.0,0.0,0.4103384460808429,0.9119333087830267,5.093352377327567
89664.41957785646082,43165.89007735486666,0.0,0.0,0.0,0.4117094711073911,0.9113151548177350,5.137822677325993
89664.63365615552175,43166.13461118224222,0.0,0.0,0.0,0.4147689214818525,0.9099267782479977,5.181916626840271
89664.84570227963559,43166.38100438496622,0.0,0.0,0.0,0.4190731423458837,0.9079524774812539,5.225652270382884
89665.05647197374492,43166.62858675509779,0.0,0.0,0.0,0.4185806828402062,0.9081796143676794,5.269026072549192
89665.26929772910080,43166.87432290393917,0.0,0.0,0.0,0.4113412250399808,0.9114814296422105,5.297421832869400
89665.48774370318279,43167.11496479783818,0.0,0.0,0.0,0.3972765551281583,0.9176989368771784,5.198319426715643
89665.71548826828075,43167.34708383918769,0.0,0.0,0.0,0.3739922290015202,0.9274318371969309,5.097215440422221
89665.96070031523413,43167.56007501903514,0.0,0.0,0.0,0.3236344362984700,0.9461821979099858,4.994175878163611
89666.22227115766145,43167.75320286237547,0.0,0.0,0.0,0.3119830957947359,0.9500876527659606,4.888949793606413
89666.48150103210355,43167.94927056489541,0.0,0.0,0.0,0.3216601303373205,0.9468551951335420,4.781194755487843
89666.75418725983764,43168.12398084704910,0.0,0.0,0.0,0.2252249281225439,0.9743067954972884,4.671255353415925
89667.05337679039803,43168.25408392702957,0.0,0.0,0.0,0.2031062039292535,0.9791567136702115,4.688572324682575
89667.34941471743514,43168.38948387771234,0.0,0.0,0.0,0.2186803400148188,0.9757965509731028,4.576337884053202
89667.64357708582247,43168.52682287844073,0.0,0.0,0.0,0.2107195250255737,0.9775465624577668,4.461442823468931
89667.94317268865416,43168.65229982598248,0.0,0.0,0.0,0.1802522059161577,0.9836204259074529,4.343153326819404
89668.25199947493093,43168.75589052605210,0.0,0.0,0.0,0.1411864580745332,0.9899830221051107,4.221345623296949
89668.56853836482333,43168.83329075778602,0.0,0.0,0.0,0.0971616251551880,0.9952686163027561,4.095961186524103
89668.89079487306299,43168.88079575342999,0.0,0.0,0.0,0.0489377024793564,0.9988018328357442,3.966624690683793
89669.21597708169429,43168.89773128894740,0.0,0.0,0.0,0.0037665140025612,0.9999929066609765,3.833100481135180
89669.54049181447772,43168.88664290219458,0.0,0.0,0.0,-0.0364841392013883,0.9993342321699651,3.695357528758370
89669.86286926927278,43168.85567856248235,0.0,0.0,0.0,-0.0544828118358155,0.9985147085619035,3.552345746715219
89670.18531844418612,43168.82226970303600,0.0,0.0,0.0,-0.0439731341483293,0.9990327139154018,3.403006459278712
89670.51040646313049,43168.80475148872938,0.0,0.0,0.0,-0.0052878317802968,0.9999860193198019,3.245481831371668
89670.84013227690593,43168.81877444587008,0.0,0.0,0.0,0.0186900283924831,0.9998253261638695,3.079472166367701
89671.14396338489314,43168.72168606683408,0.0,0.0,0.0,-0.2335722215875774,0.9723394557985620,3.153579421899685
89671.45187434303807,43168.61849971647462,0.0,0.0,0.0,-0.1105017398148368,0.9938759306361605,3.225190715676384
89671.77273760686512,43168.54886220933258,0.0,0.0,0.0,-0.1220059093564827,0.9925293739139904,3.295619885123834
89672.07705356011866,43168.43851754895877,0.0,0.0,0.0,-0.2423713805296635,0.9701835465004264,3.290561456433259
89672.34814527409617,43168.25905178497487,0.0,0.0,0.0,-0.2946250846306219,0.9556129234718411,3.359175231468543
89672.62235108220193,43168.08476489807072,0.0,0.0,0.0,-0.2681083376609628,0.9633887685024541,3.426131929111642
89672.90141595236491,43167.91861151029298,0.0,0.0,0.0,-0.2667078395205567,0.9637774267631904,3.491967008221424
89673.17801609552407,43167.74546519207070,0.0,0.0,0.0,-0.2878020161757687,0.9576899286748100,3.556966346483095
89673.44546902779257,43167.55666627332539,0.0,0.0,0.0,-0.3185870093139274,0.9478936214029544,3.620799198041594
89673.69765199236281,43167.34919922955305,0.0,0.0,0.0,-0.3577113007393814,0.9338322254684402,3.683269855645887
89673.92846102583280,43167.12023804393539,0.0,0.0,0.0,-0.4052676676853443,0.9141980734659647,3.744482998149828
89674.13303949400142,43166.86800463592954,0.0,0.0,0.0,-0.4509927982256697,0.8925275883403159,3.804802562553870
89674.31937170305173,43166.60144681475504,0.0,0.0,0.0,-0.4704046411006051,0.8824508335488220,3.864144091536216
89674.49636528269912,43166.32890648690227,0.0,0.0,0.0,-0.4833906552513650,0.8754047489108430,3.922572170808506
89674.66621253076300,43166.05173059543449,0.0,0.0,0.0,-0.4933599927844521,0.8698252223979972,3.980189199649309
89674.83054867162718,43165.77085763413925,0.0,0.0,0.0,-0.5023950175316162,0.8646382170361238,4.037030576297976
89674.98639161617029,43165.48532369596069,0.0,0.0,0.0,-0.5198891344284866,0.8542337431307657,4.093003365856662
89675.12690499909513,43165.19257687864592,0.0,0.0,0.0,-0.5465544959039693,0.8374235386034704,4.148150053845507
89675.24924409008236,43164.89172248193790,0.0,0.0,0.0,-0.5675731533618397,0.8233229716113220,4.202650080884325
89675.36146544865915,43164.58639068604680,0.0,0.0,0.0,-0.5747259933604034,0.8183459125308181,4.256508695540628
89675.47320311605290,43164.28086026266828,0.0,0.0,0.0,-0.5701481447306377,0.8215418997593561,4.309652883951363
89675.58862956117082,43163.97698163428868,0.0,0.0,0.0,-0.5660016848841976,0.8244040833888739,4.362118876491763
89675.70607040179311,43163.67400556989742,0.0,0.0,0.0,-0.5645651196855404,0.8253885301083675,4.413951798843774
89675.82357649810729,43163.37106070330628,0.0,0.0,0.0,-0.5656919074712112,0.8246166781126747,4.465189854450065
89675.94005877785094,43163.06766018157214,0.0,0.0,0.0,-0.5669680302341339,0.8237397967152166,4.515854677933875
89676.05585846760368,43162.76395660023991,0.0,0.0,0.0,-0.5675828015028307,0.8233163204007304,4.565961221208567
89676.17145193606848,43162.46016297327878,0.0,0.0,0.0,-0.5675375514106483,0.8233475133495004,4.615523226669553
89676.28726869527600,43162.15647115781030,0.0,0.0,0.0,-0.5670972691547698,0.8236508285172806,4.664555537448981
89676.40331081449403,43161.85288001066510,0.0,0.0,0.0,-0.5669412114071638,0.8237582550774090,4.713076976381986
89676.51936433489027,43161.54929137568979,0.0,0.0,0.0,-0.5670280570744912,0.8236984778972992,4.761104806864230
89676.63534066872671,43161.24566902931838,0.0,0.0,0.0,-0.5671439962489854,0.8236186541833125,4.808653154613016
89676.75122504535830,43160.94201316010003,0.0,0.0,0.0,-0.5672760558385933,0.8235277023101343,4.855735311059836
89676.86700763860426,43160.63832543959870,0.0,0.0,0.0,-0.5673979306918185,0.8234437371470149,4.902364258606879
89676.98273928745766,43160.33462312365009,0.0,0.0,0.0,-0.5674012245791820,0.8234414674681162,4.948553730206995
89677.09851761048776,43160.03093548522156,0.0,0.0,0.0,-0.5672741816290710,0.8235289933311807,4.994316979514365
89677.21444143410190,43159.72729210763646,0.0,0.0,0.0,-0.5670167772831917,0.8237062427099745,5.039666681586956
89677.33060958341230,43159.42372257373063,0.0,0.0,0.0,-0.5666292209464842,0.8239728915259169,5.084614981159794
89677.44697748619365,43159.12021117570839,0.0,0.0,0.0,-0.5666692566451774,0.8239453583661978,5.129169894926984
89677.56296353010111,43158.81657258672931,0.0,0.0,0.0,-0.5676481533497871,0.8232712639213010,5.173335903446782
89677.67786040471401,43158.51258177942509,0.0,0.0,0.0,-0.5695642874649296,0.8219467880858025,5.136957169582432
89677.79156667643110,43158.20819589047460,0.0,0.0,0.0,-0.5693457635943722,0.8220981702188257,5.034714709858894
89677.90851493744412,43157.90473451934668,0.0,0.0,0.0,-0.5629185208342901,0.8265123948869338,4.930209307990858
89678.02288134432456,43157.60039531400980,0.0,0.0,0.0,-0.5812617123296322,0.8137166716859278,4.823683937945653
89678.11297700264549,43157.28856271038239,0.0,0.0,0.0,-0.6186678623282168,0.7856526434259828,4.714595397456845
89678.18088596813323,43156.96993666466733,0.0,0.0,0.0,-0.6375264315274519,0.7704284840943209,4.602542123139840
89678.23370441475709,43156.64817446644156,0.0,0.0,0.0,-0.6582120121130807,0.7528326155992776,4.487882456703237
89678.26566264739085,43156.32478431623167,0.0,0.0,0.0,-0.6857127978703698,0.7278722132605348,4.370726486338348
89678.27148823649622,43156.00101896920387,0.0,0.0,0.0,-0.7125518077821528,0.7016194988926591,4.250494797278802
89678.26429045210534,43155.67653766510921,0.0,0.0,0.0,-0.7124248798853875,0.7017483812024730,4.126198013048495
89678.27057773794513,43155.34983863771777,0.0,0.0,0.0,-0.6839695768717345,0.7295105331068911,3.996620248478179
89678.29064054357877,43155.02212187049008,0.0,0.0,0.0,-0.7020675329413697,0.7121103700899312,3.864092019627937
89678.25187650023145,43154.70208773419290,0.0,0.0,0.0,-0.7953894617693288,0.6060986752223581,3.726859881723826
89678.15916688965808,43154.39044981719780,0.0,0.0,0.0,-0.8074407413798695,0.5899486834970705,3.584659992520004
89678.05491900788911,43154.08275423354644,0.0,0.0,0.0,-0.8175849930264916,0.5758079360150151,3.436545409898608
89677.94073366372322,43153.77821938007401,0.0,0.0,0.0,-0.8259305624669103,0.5637718563240748,3.281455442318127
89677.81845455062285,43153.47600196024723,0.0,0.0,0.0,-0.8312776627813485,0.5558573984042837,3.118269881128881
89677.69565643726673,43153.17380367547594,0.0,0.0,0.0,-0.8258760134774996,0.5638517627555251,2.946359382555524
89677.58572426091996,43152.86785114480153,0.0,0.0,0.0,-0.8077366825451998,0.5895434264503974,2.764495957169440
89677.50113156052248,43152.55487108719535,0.0,0.0,0.0,-0.7982013112604992,0.6023907923449857,2.572518364364994
89677.34215961353038,43152.28428283843095,0.0,0.0,0.0,-0.9139781841134332,0.4057633287579241,2.659211003281496
89677.09224638150772,43152.06024463466747,0.0,0.0,0.0,-0.9439829241567147,0.3299943013152473,2.748472593192952
89676.82841779089358,43151.84065216330055,0.0,0.0,0.0,-0.9298400749977339,0.3679639043822215,2.833097301606895
89676.60264947953692,43151.59806103692245,0.0,0.0,0.0,-0.9057179586629972,0.4238808551413161,2.912857354889559
89676.40056441129127,43151.34385776738054,0.0,0.0,0.0,-0.8988665482797936,0.4382224644898633,2.989362223562221
89676.19692419625062,43151.09578514581517,0.0,0.0,0.0,-0.9123851241647107,0.4093328538035341,3.063400536091046
89675.96687186627241,43150.87142578904604,0.0,0.0,0.0,-0.9403295329957948,0.3402651456965737,3.136651758508396
89675.70163643307751,43150.68160716004058,0.0,0.0,0.0,-0.9620929871280450,0.2727216238566998,3.208907975720217
89675.41391403699527,43150.52771902082168,0.0,0.0,0.0,-0.9764435785630329,0.2157728849578146,3.279095868006426
89675.11382337384566,43150.40298760271253,0.0,0.0,0.0,-0.9837676183565399,0.1794471316937142,3.347786080401596
89674.80749411534634,43150.29332647404226,0.0,0.0,0.0,-0.9860315421589926,0.1665586919603983,3.415172251915635
89674.50084932762547,43150.18444852824177,0.0,0.0,0.0,-0.9844499605389795,0.1756652361590126,3.481192986106858
89674.19701918984356,43150.06882276782562,0.0,0.0,0.0,-0.9827781472318513,0.1847893755699434,3.545943382916307
89673.89463558976422,43149.94979974866874,0.0,0.0,0.0,-0.9823926799177292,0.1868277882009583,3.609518589925128
89673.59192700532731,43149.83170572342351,0.0,0.0,0.0,-0.9832977085870347,0.1820044402960735,3.671994298254208
89673.28781109716510,43149.71717103809351,0.0,0.0,0.0,-0.9842781505792331,0.1766253727308863,3.733435979393774
89672.98266912455438,43149.60522448614211,0.0,0.0,0.0,-0.9848204842273847,0.1735759598738822,3.793892126002376
89672.67706938982883,43149.49443459523900,0.0,0.0,0.0,-0.9849466971284233,0.1728583345280460,3.853402206611093
89672.37157857895363,43149.38337396165298,0.0,0.0,0.0,-0.9846778120519710,0.1743835039576371,3.912001667828925
89672.06650182178419,43149.27127362118335,0.0,0.0,0.0,-0.9844398718041528,0.1757217653059036,3.969731976783867
89671.76159621601983,43149.15874422165507,0.0,0.0,0.0,-0.9844290568292782,0.1757823428852224,4.026634423980158
89671.45661266912066,43149.04641234713199,0.0,0.0,0.0,-0.9845101299602573,0.1753277046152071,4.082745076784290
89671.15154543581593,43148.93429335029214,0.0,0.0,0.0,-0.9845524945495632,0.1750896498261173,4.138095477474803
89670.84644775226479,43148.82225443624338,0.0,0.0,0.0,-0.9845563103743681,0.1750681915769136,4.192715042822576
89670.54136029988877,43148.71019397929194,0.0,0.0,0.0,-0.9845535425559293,0.1750837566439844,4.246631886929725
89670.23626256988791,43148.59816216451873,0.0,0.0,0.0,-0.9845644951151011,0.1750221556224981,4.299872754983946
89669.93115365941776,43148.48616027168464,0.0,0.0,0.0,-0.9845707447040886,0.1749869957249291,4.352462426278661
89669.62603964754089,43148.37417223150987,0.0,0.0,0.0,-0.9845727640675117,0.1749756333220712,4.404424203241504
89669.32092407048913,43148.26218864097609,0.0,0.0,0.0,-0.9845736523715831,0.1749706348381948,4.455780051903406
89669.01580776262563,43148.15020717932202,0.0,0.0,0.0,-0.9845739755283500,0.1749688163996662,4.506550690705849
89668.71069142782653,43148.03822586841852,0.0,0.0,0.0,-0.9845737335551766,0.1749701780110543,4.556755683834905
89668.40557576988067,43147.92624273010733,0.0,0.0,0.0,-0.9845729264388317,0.1749747196702285,4.606413529300722
89668.10046140477061,43147.81425602705713,0.0,0.0,0.0,-0.9845719945667393,0.1749799631811386,4.655541738053271
89667.79534661280923,43147.70227042622719,0.0,0.0,0.0,-0.9845739247697094,0.1749691020253878,4.704156903245781
89667.49022715802130,43147.59029749425827,0.0,0.0,0.0,-0.9845791535756131,0.1749396763010878,4.752274768740982
89667.18510128304479,43147.47834204623359,0.0,0.0,0.0,-0.9845828039394310,0.1749191304196540,4.799910289203297
89666.87997336697299,43147.36639217710035,0.0,0.0,0.0,-0.9845823509072626,0.1749216804227766,4.847077684151841
89666.57484867186577,43147.25443357539189,0.0,0.0,0.0,-0.9845777942992108,0.1749473262810866,4.893790487836439
89666.26973242944223,43147.14245201268932,0.0,0.0,0.0,-0.9845694564253841,0.1749942441174099,4.940061595041245
89665.96462480617629,43147.03044702547777,0.0,0.0,0.0,-0.9845663049208897,0.1750119744886778,4.985903306056750
89665.65951529162703,43146.91844716530613,0.0,0.0,0.0,-0.9845723985898509,0.1749776898208103,5.031327362224759
89665.35439202289854,43146.80648465956619,0.0,0.0,0.0,-0.9845877319943436,0.1748913891712072,5.076344980575379
89665.04924313702213,43146.69459173568612,0.0,0.0,0.0,-0.9846122914445513,0.1747530701770642,5.120966887600036
89664.74406786050531,43146.58277048518357,0.0,0.0,0.0,-0.9846137306846158,0.1747449608638912,5.165203326037416
89664.43894718257070,43146.47080080823071,0.0,0.0,0.0,-0.9845254002749653,0.1752419362293723,5.209064080305531
89664.13399579636462,43146.35837101473589,0.0,0.0,0.0,-0.9843632713009093,0.1761503622300348,5.252558646959902
89663.82918536409852,43146.24555811977189,0.0,0.0,0.0,-0.9843385844560273,0.1762882615238591,5.295696018660327
89663.52428071269242,43146.13300124031957,0.0,0.0,0.0,-0.9845107761293714,0.1753240761707948,5.338484762220676
89663.21903053461574,43146.02138334130723,0.0,0.0,0.0,-0.9848766056069093,0.1732572414885233,5.380933659419417
89662.91319891436433,43145.91134555875033,0.0,0.0,0.0,-0.9853470581951739,0.1705613523226075,5.423051919322543
89662.60706285710330,43145.80213514402567,0.0,0.0,0.0,-0.9852513309067582,0.1711134563570665,5.464845144215056
89662.30152006413846,43145.69131257911067,0.0,0.0,0.0,-0.9844318408086606,0.1757667511279420,5.506319616998716
89661.99750543005939,43145.57633727136999,0.0,0.0,0.0,-0.9828306556800186,0.1845098974461390,5.547491060662530
89661.69600473827450,43145.45460299208207,0.0,0.0,0.0,-0.9801923214984070,0.1980480064922736,5.588376341981094
89661.39922093108180,43145.32193362210819,0.0,0.0,0.0,-0.9752928336884413,0.2209160215013171,5.628939788279555
89661.11036887198861,43145.17303515358071,0.0,0.0,0.0,-0.9682510559899936,0.2499797843311780,5.669224901957421
89660.82963660290989,43145.00900882158021,0.0,0.0,0.0,-0.9625412098070160,0.2711354263523049,5.709229561403117
89660.55926157631620,43144.82912437240884,0.0,0.0,0.0,-0.9502907651345495,0.3113638734663874,5.748918569567214
89660.30400951244519,43144.62760927333875,0.0,0.0,0.0,-0.9399601604589142,0.3412841876648437,5.788441571183038
89660.05723764895811,43144.41485344052489,0.0,0.0,0.0,-0.9359274825489745,0.3521927702403031,5.827693429398149
89659.81421365463757,43144.19860238934780,0.0,0.0,0.0,-0.9298195270297155,0.3680158245975792,5.866653825685174
89659.58666887933214,43143.96616173651273,0.0,0.0,0.0,-0.9126711538770723,0.4086947086526732,5.905327063763292
89659.38212359099998,43143.71361205834546,0.0,0.0,0.0,-0.8935674775347202,0.4489289065010597,5.943750860982416
89659.19439949403750,43143.44813567093661,0.0,0.0,0.0,-0.8842201108865045,0.4670704395525985,5.981894774332263
89659.01429548246961,43143.17751155955193,0.0,0.0,0.0,-0.8788479576810135,0.4771019464222624,6.019874144743263
89658.84151452167134,43142.90129224833072,0.0,0.0,0.0,-0.8692842057201857,0.4943126234332135,6.057630439798089
89658.68452899721160,43142.61664168877905,0.0,0.0,0.0,-0.8512456661693045,0.5247673921157612,6.095011494513995
89658.55253638014256,43142.32074957244913,0.0,0.0,0.0,-0.8263797667975084,0.5631132044515522,6.132121075780166
89658.44520999521774,43142.01443097797164,0.0,0.0,0.0,-0.8059040946852476,0.5920461047668091,6.169145330676324
89658.35569186187058,43141.70098713970219,0.0,0.0,0.0,-0.7918205568224138,0.6107538012926670,6.206093012535328
89658.27699637399928,43141.38376787281595,0.0,0.0,0.0,-0.7846441965463361,0.6199463564100967,6.242851075824942
89658.20258641804685,43141.06588920886861,0.0,0.0,0.0,-0.7827112964660528,0.6223849503196803,6.279306072778456
89658.12993728567380,43140.74837565071357,0.0,0.0,0.0,-0.7813407778987979,0.6241046296835984,6.315476599033091
89658.05863730059355,43140.43115025036241,0.0,0.0,0.0,-0.7803118810454164,0.6253905726019253,6.351386953222575
89657.98829370427120,43140.11412619864859,0.0,0.0,0.0,-0.7796299652078718,0.6262404628814499,6.387060461356758
89657.91851373812824,43139.79721668641287,0.0,0.0,0.0,-0.7792985635719764,0.6266528136174403,6.422519644070382
89657.84890464361524,43139.48033490452508,0.0,0.0,0.0,-0.7793193730029635,0.6266269343574914,6.457786379055805
89657.77907381681143,43139.16339407844498,0.0,0.0,0.0,-0.7796888087548555,0.6261671993185481,6.492881877921717
89657.70875185908517,43138.84633503005898,0.0,0.0,0.0,-0.7801194039614702,0.6256306542703933,6.527812052217949
89657.63801403249090,43138.52917578084453,0.0,0.0,0.0,-0.7804288943731890,0.6252445448202183,6.562573191502616
89657.56699540741101,43138.21194774856122,0.0,0.0,0.0,-0.7806178505536180,0.6250086170582365,6.597161611294004
89657.49583105419879,43137.89468235098320,0.0,0.0,0.0,-0.7806866226264472,0.6249227130230677,6.631573666736314
89657.42465604317840,43137.57741100586281,0.0,0.0,0.0,-0.7806353406915151,0.6249867717507644,6.665805765767272
89657.35359302919824,43137.26016226247884,0.0,0.0,0.0,-0.7805074581503745,0.6251464690547659,6.699856650567368
89657.28266055604036,43136.94294061650726,0.0,0.0,0.0,-0.7804053601735316,0.6252739190246307,6.733730391526255
89657.21182519049034,43136.62573855488154,0.0,0.0,0.0,-0.7803333739415576,0.6253637545564864,6.767431181480178
89657.14105311608000,43136.30854847602313,0.0,0.0,0.0,-0.7802915314276875,0.6254159623660354,6.800963114520090
89657.07031051638478,43135.99136277837533,0.0,0.0,0.0,-0.7802798509315448,0.6254305350958219,6.834330190378522
89656.99956357495103,43135.67417386033048,0.0,0.0,0.0,-0.7802983370751843,0.6254074712998735,6.826721040508889
89656.92878256598487,43135.35697534084466,0.0,0.0,0.0,-0.7803339971686067,0.6253629768885146,6.750117954043318
89656.85796538695286,43135.03976908089680,0.0,0.0,0.0,-0.7803625253989177,0.6253273774216378,6.672632664914046
89656.78712136390095,43134.72256035133614,0.0,0.0,0.0,-0.7803833683505550,0.6253013660642699,6.594235819635048
89656.71625986341678,43134.40535443082626,0.0,0.0,0.0,-0.7803964080988350,0.6252850919592091,6.514896264029347
89656.64539411681471,43134.08815374033293,0.0,0.0,0.0,-0.7803905786428480,0.6252923674294136,6.434579635275016
89656.57454836336547,43133.77095256098983,0.0,0.0,0.0,-0.7803586628769105,0.6253321975342070,6.353248555432323
89656.50374878938601,43133.45374373425147,0.0,0.0,0.0,-0.7803006554138681,0.6254045787813580,6.270863224864502
89656.43301678709395,43133.13652113551507,0.0,0.0,0.0,-0.7802400460162590,0.6254801920065464,6.187381151430689
89656.36230271554086,43132.81929395948100,0.0,0.0,0.0,-0.7802725788827840,0.6254396075110767,6.102756762709771
89656.29150260945607,43132.50208311676397,0.0,0.0,0.0,-0.7804084593341163,0.6252700509377935,6.016941259859134
89656.22051112652116,43132.18490981494688,0.0,0.0,0.0,-0.7806475966258700,0.6249714632543257,5.929882282875516
89656.14925171023060,43131.86778956162743,0.0,0.0,0.0,-0.7808751709915501,0.6246870955357710,5.841524361672192
89656.07790909646428,43131.55068612494506,0.0,0.0,0.0,-0.7807987527439495,0.6247826083634954,5.751809977496319
89656.00680725538405,43131.23353570274048,0.0,0.0,0.0,-0.7804036435738791,0.6252760615093255,5.660677055592375
89655.93627145569189,43130.91627423577302,0.0,0.0,0.0,-0.7796890273285138,0.6261669271556237,5.568058042811549
89655.86661977822951,43130.59883908252232,0.0,0.0,0.0,-0.7787189516185360,0.6273729308713664,5.473878586896014
89655.79770795896184,43130.28125879991421,0.0,0.0,0.0,-0.7783915544970909,0.6277790916298522,5.378052315051976
89655.72865663224366,43129.96370694483630,0.0,0.0,0.0,-0.7789937053452056,0.6270317432415580,5.280483925304009
89655.65852098922187,43129.64636998296919,0.0,0.0,0.0,-0.7805218594023772,0.6251284883886318,5.181067529826119
89655.58635622107249,43129.32943438003713,0.0,0.0,0.0,-0.7829668229323880,0.6220634647583497,5.079682569425656
89655.51121751900064,43129.01308660172799,0.0,0.0,0.0,-0.7863133292968597,0.6178279276385037,4.976189140732687
89655.43204570541275,43128.69759211076598,0.0,0.0,0.0,-0.7909215322294519,0.6119175842021669,4.870471512717807
89655.34727163032221,43128.38356861905777,0.0,0.0,0.0,-0.7971925362492952,0.6037251528207319,4.762434389754783
89655.25518405422918,43128.07173198277451,0.0,0.0,0.0,-0.8050659687282067,0.5931852880809790,4.651931125058981
89655.15407173174026,43127.76279806230741,0.0,0.0,0.0,-0.8144553263034533,0.5802262674646291,4.538745526669696
89655.04226691502845,43127.45748023844499,0.0,0.0,0.0,-0.8250313474986394,0.5650869629044536,4.422598656708789
89654.91903096999158,43127.15643892867229,0.0,0.0,0.0,-0.8355345462246359,0.5494379146593288,4.303292833495628
89654.78451639458945,43126.86028375214664,0.0,0.0,0.0,-0.8457975661220013,0.5335039616929745,4.180621834980640
89654.63926195334352,43126.56940642585687,0.0,0.0,0.0,-0.8499470969245488,0.5268680408124330,4.054116018263098
89654.48212721681921,43126.28687676350819,0.0,0.0,0.0,-0.8906263339879189,0.4547358939068258,3.925016787701278
89654.26698251109337,43126.04421729573369,0.0,0.0,0.0,-0.9260400277164160,0.3774253132302859,3.983087357237128
89654.02688578142261,43125.81885399258317,0.0,0.0,0.0,-0.9289513214173652,0.3702018941563250,4.040459311606157
89653.79868217113835,43125.58567758299614,0.0,0.0,0.0,-0.9155564660552961,0.4021894546906190,4.096314829763316
89653.58160443503584,43125.34447515272768,0.0,0.0,0.0,-0.9136679126184660,0.4064614931963605,4.151485095683860
89653.35965736310754,43125.10570456356072,0.0,0.0,0.0,-0.9201967995220109,0.3914560641367662,4.206210493602664
89653.12788087643276,43124.87526507134316,0.0,0.0,0.0,-0.9289754551746303,0.3701413293366311,4.260252725737141
89652.88454602056299,43124.65771386668348,0.0,0.0,0.0,-0.9396632606304135,0.3421007989195869,4.313484146835501
89652.62792418562458,43124.45760799705749,0.0,0.0,0.0,-0.9517569787193921,0.3068528205165051,4.365915998059133
89652.35633765034436,43124.27942916815664,0.0,0.0,0.0,-0.9641556756804416,0.2653372063114993,4.417718005829835
89652.07149012328591,43124.12265278372070,0.0,0.0,0.0,-0.9718982367399995,0.2354013963885515,4.468953363822581
89651.77994759865396,43123.97903339959885,0.0,0.0,0.0,-0.9754678235929786,0.2201420567151529,4.519556571927078
89651.48565561493160,43123.84138836073544,0.0,0.0,0.0,-0.9764674559255518,0.2156648036149629,4.569604658444794
89651.19151479848369,43123.70313629637531,0.0,0.0,0.0,-0.9750509710592080,0.2219810889163656,4.619143334800666
89650.90033694508020,43123.55790279266512,0.0,0.0,0.0,-0.9719163646537975,0.2353265393408628,4.621122358252764
89650.60633528922335,43123.41947820613859,0.0,0.0,0.0,-0.9825222838615446,0.1861450018547215,4.507260576188314
89650.29418289448950,43123.32949740464392,0.0,0.0,0.0,-0.9952782213110912,0.0970631865530419,4.557408545776195
89649.97272484040877,43123.28821559034259,0.0,0.0,0.0,-0.9993368602602319,0.0364120821324684,4.607014567438299
89649.64741568861064,43123.27462803910748,0.0,0.0,0.0,-0.9999366606667612,0.0112549835453665,4.656338848419059
89649.32111849258945,43123.26591814259882,0.0,0.0,0.0,-0.9997735694930254,0.0212793266616827,4.705111749719780
89648.99615224148147,43123.24467843779712,0.0,0.0,0.0,-0.9992182259526736,0.0395339970657114,4.753263098991939
89648.67211760401551,43123.22052728325798,0.0,0.0,0.0,-0.9995439712650449,0.0301968459893246,4.800824598276585
89648.34778139909031,43123.21140849051881,0.0,0.0,0.0,0.9999849298575253,0.0054899961603013,4.847952755606507
89648.02298124275694,43123.22743696274119,0.0,0.0,0.0,0.9990924283998615,0.0425948296635616,4.894752980189005
89647.69939018925652,43123.26530693605309,0.0,0.0,0.0,0.9973536878417976,0.0727022788388792,4.941127895769995
89647.37871200406516,43123.32010953487770,0.0,0.0,0.0,0.9956196025894629,0.0934965611110913,4.986948078027768
89647.05967291010893,43123.38168612408481,0.0,0.0,0.0,0.9953971801945112,0.0958355553060332,5.032357148499959
89646.74073705954652,43123.44425335186679,0.0,0.0,0.0,0.9952083791871171,0.0977766945429802,5.077369432609358
89646.42208520555869,43123.50845677832694,0.0,0.0,0.0,0.9948946849403025,0.1009186101645093,5.121988376272776
89646.10392928551300,43123.57505482546549,0.0,0.0,0.0,0.9944445961991286,0.1052613181104625,5.166219231977361
89645.78643612394808,43123.64462219354755,0.0,0.0,0.0,0.9939622023297594,0.1097230164540440,5.210071635699008
89645.46944139768311,43123.71638498658285,0.0,0.0,0.0,0.9936981099796696,0.1120895455554736,5.253557786558748
89645.15263418904215,43123.78897262724058,0.0,0.0,0.0,0.9936660738987190,0.1123731888962203,5.296686924477263
89644.83581101689197,43123.86148903953290,0.0,0.0,0.0,0.9936863574684091,0.1121936851216022,5.339467676036969
89644.51897507085232,43123.93395047835656,0.0,0.0,0.0,0.9936855720401352,0.1122006413496344,5.381908447621361
89644.20215283066500,43124.00647601054516,0.0,0.0,0.0,0.9936637421870010,0.1123938052693522,5.424017317302813
89643.88536668173037,43124.07916273538285,0.0,0.0,0.0,0.9936317052524797,0.1126766804491922,5.465801733973219
89643.56862505433674,43124.15203287766053,0.0,0.0,0.0,0.9935983101275075,0.1129707843283447,5.507268599170835
89643.25192919517576,43124.22507875177689,0.0,0.0,0.0,0.9935732224234700,0.1131912173405767,5.548425016995614
89642.93524781943415,43124.29818478416564,0.0,0.0,0.0,0.9935773970388425,0.1131545672676023,5.589278813238462
89642.61853449734917,43124.37118517393537,0.0,0.0,0.0,0.9936115156661309,0.1128545787093018,5.629837575520937
89642.30174320162041,43124.44391556919436,0.0,0.0,0.0,0.9936713251579730,0.1123267446283296,5.670108524228016
89641.98489893435908,43124.51646379318117,0.0,0.0,0.0,0.9936556450576148,0.1124653682034398,5.710095097646956
89641.66817169082060,43124.58943243731483,0.0,0.0,0.0,0.9935197646708082,0.1136594791843690,5.749799178786946
89641.35174911140348,43124.66348673855100,0.0,0.0,0.0,0.9932608816629622,0.1159000472739977,5.789223191081378
89641.03569430187054,43124.73885058888845,0.0,0.0,0.0,0.9931016756619852,0.1172563934178315,5.828376337828036
89640.71967085430515,43124.81433202153858,0.0,0.0,0.0,0.9932174228236439,0.1162718839597907,5.867271577973282
89640.40326240852301,43124.88845572271384,0.0,0.0,0.0,0.9936010182451214,0.1129469634043257,5.905922573507761
89640.08605260447075,43124.95974637860490,0.0,0.0,0.0,0.9942284368033190,0.1072838079657350,5.944346218268428
89639.76764104400354,43125.02678543488582,0.0,0.0,0.0,0.9949847528873322,0.1000267040431420,5.982560838315428
89639.44839688406500,43125.09089080406557,0.0,0.0,0.0,0.9950604095295295,0.0992712515632054,6.020538124883763
89639.12978489848319,43125.15727631078335,0.0,0.0,0.0,0.9942326643775274,0.1072446226379811,6.058237833052821
89638.81335359720106,43125.23145353789005,0.0,0.0,0.0,0.9922862429666036,0.1239677862157042,6.095652301431407
89638.50065149023430,43125.31893406824383,0.0,0.0,0.0,0.9887764093054843,0.1494028527202660,6.132840128847393
89638.19423863549309,43125.42669354187819,0.0,0.0,0.0,0.9815131539653101,0.1913946932207615,6.169794168368503
89637.89804893944529,43125.56036506808596,0.0,0.0,0.0,0.9742263641263259,0.2255725857483560,6.206607639083842
89637.60781742469408,43125.70817747414549,0.0,0.0,0.0,0.9713459996583661,0.2376698317996828,6.243241200858078
89637.32064892732888,43125.86145991212106,0.0,0.0,0.0,0.9681742298422094,0.2502771676950273,6.279598186970907
89637.04068197568995,43126.02629537438042,0.0,0.0,0.0,0.9605555110957110,0.2780883134970930,6.315700771603677
89636.78033435075486,43126.21987332808931,0.0,0.0,0.0,0.9350454876592202,0.3545277647916041,6.351702634688483
89636.53134710084123,43126.42978622126975,0.0,0.0,0.0,0.9435625423702529,0.3311943970476925,6.387469802502385
89636.27958181555732,43126.63503891081928,0.0,0.0,0.0,0.9374641676788426,0.3480817925692394,6.422891188290296
89636.04560912554734,43126.85895936656016,0.0,0.0,0.0,0.9184180949238009,0.3956111764302624,6.458145627295831
89635.83183389190526,43127.10391474767675,0.0,0.0,0.0,0.9030897214150569,0.4294519240549224,6.493389487144945
89635.63191927007574,43127.36216287675779,0.0,0.0,0.0,0.8935460518896378,0.4489715504933923,6.528535473392911
89635.43948642234318,43127.62591736157628,0.0,0.0,0.0,0.8903539698394968,0.4552689407273995,6.563369885833859
89635.24964572655153,43127.88984498837090,0.0,0.0,0.0,0.8895818498799315,0.4567758009835887,6.597906340110300
89635.06066182970244,43128.15379831491009,0.0,0.0,0.0,0.8893406078352692,0.4572453206487670,6.632270857939106
89634.87166620993230,43128.41807164553757,0.0,0.0,0.0,0.8892602918663948,0.4574015012105824,6.666487101872130
89634.68263782274153,43128.68256302131340,0.0,0.0,0.0,0.8891996255956127,0.4575194267357641,6.700540944407299
89634.49364533938933,43128.94712853409874,0.0,0.0,0.0,0.8891585149062048,0.4575993174927083,6.734418530394948
89634.30474222871999,43129.21165157164069,0.0,0.0,0.0,0.8891289494396524,0.4576567614144252,6.768116679000737
89634.11590581637574,43129.47615223712637,0.0,0.0,0.0,0.8891003435456843,0.4577123322644323,6.801646032020231
89633.92709583620308,43129.74068283865927,0.0,0.0,0.0,0.8890750475174481,0.4577614661391316,6.835013105891738
89633.73830166249536,43130.00524542525818,0.0,0.0,0.0,0.8890560617017925,0.4577983389564651,6.868219310684476
89633.54952152507030,43130.26982703008252,0.0,0.0,0.0,0.8890433948030343,0.4578229375611232,6.901266002032329
89633.36075366953446,43130.53441494440631,0.0,0.0,0.0,0.8890362975283698,0.4578367194503385,6.934154632907681
89633.17199673857249,43130.79900376123260,0.0,0.0,0.0,0.8890294675533381,0.4578499817864233,6.966887564922147
89632.98324981580663,43131.06359618253919,0.0,0.0,0.0,0.8890218712985722,0.4578647315013297,6.999467288766207
89632.79451200732728,43131.32819527357060,0.0,0.0,0.0,0.8890136850046811,0.4578806262274017,7.031896204720267
89632.60578239781898,43131.59280204730749,0.0,0.0,0.0,0.8890063871483236,0.4578947953509463,7.064176373962235
89632.41706004593289,43131.85741499367577,0.0,0.0,0.0,0.8890003110192412,0.4579065920116159,7.096309746699412
89632.22834401362343,43132.12203246013814,0.0,0.0,0.0,0.8889953882295198,0.4579161492092687,7.128298234953893
89632.03963362857758,43132.38665346091148,0.0,0.0,0.0,0.8889908089014368,0.4579250393773737,7.160143780083312
89631.85092861155863,43132.65127799697802,0.0,0.0,0.0,0.8889863384240391,0.4579337180154130,7.191848301334642
89631.66222871454374,43132.91590614692541,0.0,0.0,0.0,0.8889819875635786,0.4579421642385743,7.223413674701290
89631.47353365410527,43133.18053785642405,0.0,0.0,0.0,0.8889779039161748,0.4579500915479812,7.254841718742507
89631.28484309035412,43133.44517285969050,0.0,0.0,0.0,0.8889741344524639,0.4579574087996532,7.286134207512434
89631.09615667840990,43133.70981087212567,0.0,0.0,0.0,0.8889706791862547,0.4579641160037859,7.317292877116272
89630.90747407336312,43133.97445160913048,0.0,0.0,0.0,0.8889675381302817,0.4579702131695751,7.348319426836736
89630.71879497219925,43134.23909481840383,0.0,0.0,0.0,0.8889645396047356,0.4579760335709068,7.379215521095422
89630.53011958772549,43134.50374064577045,0.0,0.0,0.0,0.8889610943382199,0.4579827210201214,7.409982792605146
89630.34144847968128,43134.76838950486126,0.0,0.0,0.0,0.8889571529531369,0.4579903713108531,7.440622840578501
89630.15278221433982,43135.03304181426211,0.0,0.0,0.0,0.8889527163889224,0.4579989825586474,7.471137231439807
89629.96412125435018,43135.29769791466970,0.0,0.0,0.0,0.8889480391716705,0.4580080606854449,7.501527498903571
89629.77546572104620,43135.56235789017228,0.0,0.0,0.0,0.8889433195804479,0.4580172208261319,7.531795145078140
89629.58681566579617,43135.82702177218016,0.0,0.0,0.0,0.8889385576125397,0.4580264629797469,7.561941642008533
89629.39817106899864,43136.09168954262714,0.0,0.0,0.0,0.8889339362998171,0.4580354319204059,7.591968432752716
89629.20953162615479,43136.35636098463146,0.0,0.0,0.0,0.8889296397144937,0.4580437704380014,7.621876932182337
89629.02089696134499,43136.62103583153657,0.0,0.0,0.0,0.8889256673918913,0.4580514794778865,7.651668527514463
89628.83226672909223,43136.88571383801172,0.0,0.0,0.0,0.8889219483153149,0.4580586968973568,7.681344578996042
89628.64364067761926,43137.15039482446446,0.0,0.0,0.0,0.8889184317461479,0.4580655211888022,7.710906420649700
89628.45501857290219,43137.41507862380968,0.0,0.0,0.0,0.8889151176934365,0.4580719523569021,7.740355361022211
89628.26640018110629,43137.67976506904961,0.0,0.0,0.0,0.8889120045168192,0.4580779936057728,7.769692683860571
89628.07778540439904,43137.94445409021137,0.0,0.0,0.0,0.8889087684191831,0.4580842732811191,7.798919648780442
89627.88917457852222,43138.20914592648478,0.0,0.0,0.0,0.8889051671748868,0.4580912613986285,7.828037491895278
89627.70056812482653,43138.47384087815590,0.0,0.0,0.0,0.8889012090720438,0.4580989418349038,7.857047426415497
89627.51196628398611,43138.73853911669721,0.0,0.0,0.0,0.8888972761558172,0.4581065732368057,7.885950643229277
89627.32336885355471,43139.00324049771007,0.0,0.0,0.0,0.8888935760795684,0.4581137526908317,7.914748311474477
89627.13477556520957,43139.26794482986588,0.0,0.0,0.0,0.8888901021252446,0.4581204932588939,7.943441579095059
89626.94618622022972,43139.53265197147994,0.0,0.0,0.0,0.8888867262105694,0.4581270434788327,7.972031573380312
89626.75760074812570,43139.79736187224626,0.0,0.0,0.0,0.8888833994942067,0.4581334981243160,8.000519401479057
89626.56901909106818,43140.06207449088834,0.0,0.0,0.0,0.8888801289747416,0.4581398436218431,8.028906150897964
89626.38044113774959,43140.32678974807641,0.0,0.0,0.0,0.8888770046678983,0.4581459053321605,8.057192889984972
89626.19186669455667,43140.59150750575645,0.0,0.0,0.0,0.8888740540960181,0.4581516298725883,8.085380668398706
89626.00329556345241,43140.85622762281128,0.0,0.0,0.0,0.8888712663932630,0.4581570383399529,8.113470517564249
89625.81472757781739,43141.12094998046814,0.0,0.0,0.0,0.8888686084880558,0.4581621949097365,8.141463451115639
89625.62616258993512,43141.38567447345849,0.0,0.0,0.0,0.8888660781030124,0.4581671040109377,8.169360465320009
89625.43760047944670,43141.65040101606428,0.0,0.0,0.0,0.8888635504884865,0.4581720076707020,8.197162539490490
89625.24904159735888,43141.91512985815643,0.0,0.0,0.0,0.8888604371506948,0.4581780475625996,8.224870636386362
89625.06048668929725,43142.17986153076345,0.0,0.0,0.0,0.8888567163235416,0.4581852658549062,8.252485702607068
89624.87193598000158,43142.44459619391273,0.0,0.0,0.0,0.8888533565451912,0.4581917835997795,8.280008668969284
89624.68338873710309,43142.70933332591085,0.0,0.0,0.0,0.8888507168689380,0.4581969043125182,8.307440450867706
89624.49484412903257,43142.97407233443664,0.0,0.0,0.0,0.8888487882810954,0.4582006455377692,8.334781948630132
89624.30630151282821,43143.23881276152679,0.0,0.0,0.0,0.8888471745835159,0.4582037758845958,8.362034047867038
89624.11776070194901,43143.50355447429320,0.0,0.0,0.0,0.8888456637191533,0.4582067067248775,8.389197619805907
89623.92922157752037,43143.76829738810920,0.0,0.0,0.0,0.8888442556899814,0.4582094380596313,8.416273521614455
89623.74068402075500,43144.03304141834087,0.0,0.0,0.0,0.8888429504978390,0.4582119698898056,8.443262596716250
89623.55214791277831,43144.29778648032516,0.0,0.0,0.0,0.8888417481444313,0.4582143022162789,8.470165675097297
89623.36361317615956,43144.56253251891030,0.0,0.0,0.0,0.8888405082322440,0.4582167073835764,8.496983573603503
89623.17508007588913,43144.82727972279099,0.0,0.0,0.0,0.8888389048220454,0.4582198176364122,8.523717096230106
89622.98654904609430,43145.09202840109356,0.0,0.0,0.0,0.8888369246877358,0.4582236586118708,8.507417585627820
89622.79802052213927,43145.35677886378835,0.0,0.0,0.0,0.8888345678198417,0.4582282303050688,8.446070136462314
89622.60949497611728,43145.62153144706099,0.0,0.0,0.0,0.8888317203919311,0.4582337534764543,8.384273822092602
89622.42097311992256,43145.88628665774013,0.0,0.0,0.0,0.8888281778391912,0.4582406248676160,8.322018643195483
89622.23245554616733,43146.15104491768579,0.0,0.0,0.0,0.8888245668684874,0.4582476288329769,8.259294223572455
89622.04394163095276,43146.41580578267894,0.0,0.0,0.0,0.8888218552533308,0.4582528882877085,8.196089789969147
89621.85543032335408,43146.68056850434368,0.0,0.0,0.0,0.8888200535767748,0.4582563827812758,8.132394150483160
89621.66692072350997,43146.94533244195918,0.0,0.0,0.0,0.8888187368906068,0.4582589365764582,8.068195671424967
89621.47841268868069,43147.21009749382938,0.0,0.0,0.0,0.8888173422056530,0.4582616416355170,8.003482252505943
89621.28990631218767,43147.47486372625281,0.0,0.0,0.0,0.8888158668269717,0.4582645031819713,7.938241300207186
89621.10140168925864,43147.73963120702683,0.0,0.0,0.0,0.8888143007899977,0.4582675405384801,7.872459699154635
89620.91289895492082,43148.00440003237600,0.0,0.0,0.0,0.8888125930136770,0.4582708527719210,7.806123781290500
89620.72439827982453,43148.26917032418714,0.0,0.0,0.0,0.8888107362836530,0.4582744538667964,7.739219292757033
89620.53589980598190,43148.53394218384346,0.0,0.0,0.0,0.8888088401412284,0.4582781313643541,7.671731358184332
89620.34740337675612,43148.79871549948439,0.0,0.0,0.0,0.8888072119253956,0.4582812891984627,7.603644442152971
89620.15890866362315,43149.06349003661308,0.0,0.0,0.0,0.8888058700096220,0.4582838917488142,7.534942307322786
89619.97041533607990,43149.32826555927750,0.0,0.0,0.0,0.8888048143987801,0.4582859390179346,7.465607969205457
89619.78192306363781,43149.59304183148197,0.0,0.0,0.0,0.8888040450967044,0.4582874310078071,7.395623647128319
89619.59343152427755,43149.85781862340809,0.0,0.0,0.0,0.8888035140646035,0.4582884608916225,7.324970710913913
89619.40494063234655,43150.12259587506560,0.0,0.0,0.0,0.8888028834751810,0.4582896838531322,7.253629622545079
89619.21645056364650,43150.38737371438037,0.0,0.0,0.0,0.8888020878626620,0.4582912268535946,7.181579873427414
89619.02796150749782,43150.65215227899171,0.0,0.0,0.0,0.8888011272254009,0.4582930898921089,7.108799915619060
89618.83947365323547,43150.91693170658255,0.0,0.0,0.0,0.8887999994833958,0.4582952769976094,7.035267086562563
89618.65098884022154,43151.18171329439792,0.0,0.0,0.0,0.8887945403481419,0.4583058640769669,6.960957534844851
89618.46251348005899,43151.44650155876298,0.0,0.0,0.0,0.8887858984010417,0.4583226230543864,6.885846115612259
89618.27404468820896,43151.71129452145396,0.0,0.0,0.0,0.8887833402629088,0.4583275837990841,6.809906271242721
89618.08557520565228,43151.97608714455419,0.0,0.0,0.0,0.8887865069780452,0.4583214428910842,6.733109950051564
89617.89710334016127,43152.24087818259432,0.0,0.0,0.0,0.8887854898294955,0.4583234153614059,6.655427551343156
89617.70863725649542,43152.50567310579208,0.0,0.0,0.0,0.8887766874105255,0.4583404847005914,6.576827751038703
89617.52018586198392,43152.77047789434437,0.0,0.0,0.0,0.8887620922926681,0.4583687852630879,6.497277307537224
89617.33174255776976,43153.03528820145584,0.0,0.0,0.0,0.8887672109171155,0.4583588602815609,6.416740638701790
89617.14327689452330,43153.30008379609353,0.0,0.0,0.0,0.8887998110137710,0.4582956425080703,6.335179816289436
89616.95476498060452,43153.56484882823861,0.0,0.0,0.0,0.8888259402105196,0.4582449650665960,6.252554809912157
89616.76629181741737,43153.82964014248137,0.0,0.0,0.0,0.8887258237568939,0.4584391019400836,6.168824228081890
89616.57801529770950,43154.09456324343773,0.0,0.0,0.0,0.8885049150609288,0.4588671004905143,6.083943692363821
89616.38995021462324,43154.35962805349845,0.0,0.0,0.0,0.8884122087344017,0.4590465634025178,5.997862943485734
89616.20186838504742,43154.62468220206938,0.0,0.0,0.0,0.8885329063813382,0.4588128968082001,5.910527216022726
89616.01351834877278,43154.88955777084630,0.0,0.0,0.0,0.8888666616316387,0.4581659719357450,5.821877538787482
89615.82464864556096,43155.15408684151771,0.0,0.0,0.0,0.8894125140531151,0.4571054362460782,5.731850046728158
89615.63510096535902,43155.41816393251065,0.0,0.0,0.0,0.8898231212631056,0.4563056134495656,5.640379874203689
89615.44574176361493,43155.68237044238776,0.0,0.0,0.0,0.8890313383797549,0.4578463490939966,5.547410890552925
89615.25807205069577,43155.94771309934731,0.0,0.0,0.0,0.8869481677096084,0.4618689725415299,5.452877350405409
89615.07358699821634,43156.21519564874325,0.0,0.0,0.0,0.8836330649865820,0.4681801004553898,5.356690855575267
89614.89322050227202,43156.48547980713920,0.0,0.0,0.0,0.8798851972121642,0.4751863210646020,5.258722012186561
89614.71719577626209,43156.75879421691207,0.0,0.0,0.0,0.8758936689447322,0.4825041768757406,5.158820653985488
89614.54623475807603,43157.03559043969290,0.0,0.0,0.0,0.8693832945818291,0.4941383279022632,5.056923738420197
89614.38938019478519,43157.32015265931113,0.0,0.0,0.0,0.8500870686168660,0.5266421705203485,4.953078425899977
89614.25881035301427,43157.61779461894184,0.0,0.0,0.0,0.8247071307524937,0.5655600308419869,4.846783927712608
89614.15323652492953,43157.92594396975619,0.0,0.0,0.0,0.8032541931531858,0.5956363833597008,4.737970820574946
89614.06794356786122,43158.24009726881195,0.0,0.0,0.0,0.7859839041352151,0.6182469591032090,4.626861325236744
89613.99894476198824,43158.55769663270621,0.0,0.0,0.0,0.7715539602255154,0.6361638833353587,4.513059675621007
89613.94297254693811,43158.87806832412025,0.0,0.0,0.0,0.7598618074193650,0.6500846357401286,4.396153924268914
89613.89903400444018,43159.20060623300378,0.0,0.0,0.0,0.7459868157071053,0.6659607126484064,4.276047043357119
89613.87085577717517,43159.52468397239136,0.0,0.0,0.0,0.7273201735902176,0.6862983061968722,4.152587819184788
89613.86275440796453,43159.84967062313808,0.0,0.0,0.0,0.7035124598592030,0.7106829242516337,4.025329417480685
89613.87778476897802,43160.17451384398009,0.0,0.0,0.0,0.6774165113032647,0.7355996670837431,3.893911142306881
89613.91610948013840,43160.49726583772281,0.0,0.0,0.0,0.6509334238151809,0.7591348218598893,3.757989488882652
89613.97578154809889,43160.81696066181757,0.0,0.0,0.0,0.6274747900154783,0.7786368780728482,3.616699685039481
89614.05379082098079,43161.13345519400900,0.0,0.0,0.0,0.6062320359168596,0.7952878212497029,3.469307542639093
89614.14808354398701,43161.44619713997236,0.0,0.0,0.0,0.5868034280105129,0.8097294220139903,3.315111370360072
89614.25668631351436,43161.75459849243634,0.0,0.0,0.0,0.5691983443963317,0.8222002461301474,3.153359886731269
89614.37762572594511,43162.05807124417333,0.0,0.0,0.0,0.5533915225888881,0.8329212584192770,2.983201138486603
89614.50892837764695,43162.35602738794114,0.0,0.0,0.0,0.5393399481795517,0.8420881309564211,2.803609848051462
89614.64857746631606,43162.64799181135459,0.0,0.0,0.0,0.5302339294565073,0.8478513903114813,2.611878964362979
89614.78442019589420,43162.96965739675215,0.0,0.0,0.0,0.5469975224237661,0.8371342248781025,2.382799437141392
89614.96634799375897,43163.24825680528738,0.0,0.0,0.0,0.3474379232526985,0.9377029857507397,2.164238450333795
89615.23916143529641,43163.39437429724057,0.0,0.0,0.0,0.3647466282898534,0.9311068129657217,2.172828672127260
89615.43061550363200,43163.67281392720906,0.0,0.0,0.0,0.4918713296972363,0.8706679016834562,2.282674747926540
89615.64259166979173,43163.92749615722278,0.0,0.0,0.0,0.3584561305966724,0.9335465721846240,2.379545821791659
89615.88923230599903,43164.13672465420677,0.0,0.0,0.0,0.3383488921101096,0.9410207368638915,2.473300376084270
89616.14660016706330,43164.33615014284442,0.0,0.0,0.0,0.3035144962272209,0.9528268208756177,2.563933034985098
89616.41889032980544,43164.51569477809244,0.0,0.0,0.0,0.2924318234692731,0.9562863737513130,2.651251674948444
89616.67051299029845,43164.71980582350079,0.0,0.0,0.0,0.3371863550809851,0.9414379225138532,2.735232768470971
89616.94261823502893,43164.89328844514239,0.0,0.0,0.0,0.2296353097728404,0.9732767461033535,2.817356045428176
89617.24682171754830,43165.01852522158879,0.0,0.0,0.0,0.1658685448609586,0.9861478721904278,2.898698818049837
89617.56388538512692,43165.11811886266514,0.0,0.0,0.0,0.1439596452546074,0.9895835591490835,2.977519878944975
89617.87893921883369,43165.21001020010590,0.0,0.0,0.0,0.1384923183442973,0.9903635078897151,3.053180599113720
89618.19158389131189,43165.29669590866251,0.0,0.0,0.0,0.1307760432510402,0.9914119358327305,3.126439343739415
89618.50441268536088,43165.37747873537592,0.0,0.0,0.0,0.1209211008847287,0.9926621214496024,3.197992521458731
89618.82001888388186,43165.45166142735980,0.0,0.0,0.0,0.1091388253429900,0.9940265171527127,3.268488802301605
89619.14058398957422,43165.50640563523484,0.0,0.0,0.0,0.0364813963125095,0.9993343323048046,3.337168601415211
89619.46542795079586,43165.49915362088359,0.0,0.0,0.0,-0.0251225781224350,0.9996843782256889,3.404837090641362
89619.79064264727640,43165.48884575282136,0.0,0.0,0.0,-0.0104730495324038,0.9999451561128200,3.471017850448803
89620.11534690437838,43165.48041702510091,0.0,0.0,0.0,-0.0194225704717403,0.9998113640863812,3.535890849152214
89620.43949040128791,43165.45862695107644,0.0,0.0,0.0,-0.0504479520391277,0.9987266914101465,3.599724933236634
89620.76191766469856,43165.41393577060808,0.0,0.0,0.0,-0.0874677335135739,0.9961673532062765,3.662506838153144
89621.07992099327384,43165.34481060656981,0.0,0.0,0.0,-0.1265345322874124,0.9919622029789269,3.724154704096096
89621.39111490829964,43165.25100403588294,0.0,0.0,0.0,-0.1640842382678153,0.9864463303961705,3.784773100588570
89621.69534861666034,43165.13576018175809,0.0,0.0,0.0,-0.1948928467451531,0.9808245400108881,3.844536443808646
89621.99318126461003,43165.00343240008806,0.0,0.0,0.0,-0.2190737378122452,0.9757083054893874,3.903463997081940
89622.28514099867607,43164.85829795626341,0.0,0.0,0.0,-0.2377876312804142,0.9713171688022660,3.961472148244779
89622.57059443507751,43164.70179277472198,0.0,0.0,0.0,-0.2592647324959915,0.9658062944937675,4.018531085072873
89622.84743037205772,43164.53173773371236,0.0,0.0,0.0,-0.2854154199828294,0.9584039013046770,4.074697570573832
89623.11370708134200,43164.34607565616170,0.0,0.0,0.0,-0.3129515881579733,0.9497690790236342,4.130114248937095
89623.37122950778576,43164.14778003095125,0.0,0.0,0.0,-0.3294944416650125,0.9441575148839635,4.184883973855610
89623.62457771324262,43163.94355050259037,0.0,0.0,0.0,-0.3340464244209450,0.9425566223477410,4.238970235437844
89623.87777994977660,43163.73927250717679,0.0,0.0,0.0,-0.3319219050596395,0.9433068689146601,4.292340990283360
89624.13162147095136,43163.53609197701007,0.0,0.0,0.0,-0.3304531238159877,0.9438224054133572,4.345029164129268
89624.38582606015552,43163.33360355098557,0.0,0.0,0.0,-0.3296944316117988,0.9440876981319971,4.397065509234515
89624.64011689253675,43163.13140097900759,0.0,0.0,0.0,-0.3296475415645200,0.9441040717741175,4.448478671454021
89624.89421714321361,43162.92907801098772,0.0,0.0,0.0,-0.3303131137489922,0.9438714143809237,4.499295697564873
89625.14789154796745,43162.72625312523451,0.0,0.0,0.0,-0.3314550440053113,0.9434710137590011,4.549551849400073
89625.40117779250431,43162.52270720394154,0.0,0.0,0.0,-0.3326436006311883,0.9430526151594716,4.479047836269281
89625.65422369040607,43162.31828667100490,0.0,0.0,0.0,-0.3338650048302795,0.9426208986383007,4.361204680683866
89625.90730946723488,43162.11370970755524,0.0,0.0,0.0,-0.3319096804142454,0.9433111703183173,4.240320191517925
89626.16117449897865,43161.91277595121937,0.0,0.0,0.0,-0.3250170136293146,0.9457081689672994,4.116819488966763
89626.41569491279370,43161.71550254254544,0.0,0.0,0.0,-0.3238498648133787,0.9461084848263207,3.989737033271630
89626.66951375965436,43161.51619081517856,0.0,0.0,0.0,-0.3309628524376098,0.9436437835891046,3.857632536450212
89626.92119494953658,43161.30877525205869,0.0,0.0,0.0,-0.3459597597765384,0.9382493509805162,3.718736075236232
89627.16931769736402,43161.08732438394509,0.0,0.0,0.0,-0.3657521400138207,0.9307122928570948,3.571268421338302
89627.41554121463560,43160.87288271560828,0.0,0.0,0.0,-0.3155656806836835,0.9489037365163252,3.429757130313495
89627.66653400562063,43160.72697463121585,0.0,0.0,0.0,-0.2240243372222607,0.9745835502059979,3.296115922724302
89627.91775163414422,43160.58985342182132,0.0,0.0,0.0,-0.2965370871890101,0.9550213379403926,3.146568827071947
89628.15960647676548,43160.34800512803486,0.0,0.0,0.0,-0.4604719240731513,0.8876742686032810,2.932728314193694
89628.38364468050713,43159.91663503048039,0.0,0.0,0.0,-0.5086463299997568,0.8609755577121678,2.674204046518318
89628.60773740269360,43159.81085018830345,0.0,0.0,0.0,-0.4302114027095810,0.9027281700371683,2.759807231236981
89628.80006341902481,43159.54489911643032,0.0,0.0,0.0,-0.4763274999544256,0.8792679414076046,2.841178756069239
89628.96825513937802,43159.26774664773257,0.0,0.0,0.0,-0.5010812952336025,0.8654002169903907,2.919771449528577
89629.12694760019076,43158.98620928707533,0.0,0.0,0.0,-0.5042623218657786,0.8635505258793685,2.996249551324690
89629.29074492273503,43158.70708943907812,0.0,0.0,0.0,-0.4865851118023256,0.8736331775821694,3.071110433330182
89629.46748251217650,43158.43410234047769,0.0,0.0,0.0,-0.4712536388093271,0.8819977369069426,3.144494394560247
89629.64934722225007,43158.16366895913961,0.0,0.0,0.0,-0.4719167646540133,0.8816431064997268,3.216190363138175
89629.82482014973357,43157.88993758038123,0.0,0.0,0.0,-0.4905687520374543,0.8714024899691386,3.286057768638437
89629.98210051754722,43157.60679912882188,0.0,0.0,0.0,-0.5254058500380470,0.8508517454561618,3.354319038113578
89630.11646857472078,43157.31183107609104,0.0,0.0,0.0,-0.5544694086332912,0.8322041065086427,3.421427443908751
89630.23500734184927,43157.00875569145865,0.0,0.0,0.0,-0.5711014442850758,0.8208794919691321,3.487494094545974
89630.34591836985783,43156.70187757711392,0.0,0.0,0.0,-0.5759716905551013,0.8174696396069389,3.552400079209551
89630.45727355989220,43156.39543250438874,0.0,0.0,0.0,-0.5705961939075812,0.8212307735942328,3.615996239754087
89630.57280390891538,43156.09135166624765,0.0,0.0,0.0,-0.5654735251484052,0.8247664471571549,3.678375025481504
89630.69097556362976,43155.78877115596697,0.0,0.0,0.0,-0.5629874606405005,0.8264654373665972,3.739658505028722
89630.80993807193590,43155.48665898504260,0.0,0.0,0.0,-0.5631687821751417,0.8263418921871066,3.799952881290341
89630.92799339709745,43155.18406846309517,0.0,0.0,0.0,-0.5651277087588746,0.8250034380491663,3.859339296301410
89631.04481018449587,43154.88081775303726,0.0,0.0,0.0,-0.5666184011728617,0.8239803319572075,3.917850263471998
89631.16077814508753,43154.57712855662248,0.0,0.0,0.0,-0.5675358198567865,0.8233487069155360,3.975512871491685
89631.27629348728806,43154.27322621193161,0.0,0.0,0.0,-0.5678822291910662,0.8231098187781417,4.032351589533020
89631.39172856781806,43153.96932207593636,0.0,0.0,0.0,-0.5678076404848110,0.8231612742391806,4.088392223297340
89631.50720408985217,43153.66547999504837,0.0,0.0,0.0,-0.5677538254002453,0.8231983926997111,4.143668643646656
89631.62268979246437,43153.36167532569380,0.0,0.0,0.0,-0.5677498792533183,0.8232011143140189,4.198213151537896
89631.73815336427651,43153.05788222239062,0.0,0.0,0.0,-0.5677958145154907,0.8231694315380585,4.252056001020918
89631.85356249391043,43152.75407483972958,0.0,0.0,0.0,-0.5678916257260532,0.8231033358152671,4.305225581674340
89631.96888487003162,43152.45022733221413,0.0,0.0,0.0,-0.5680372894691562,0.8230028175969594,4.357748580936286
89632.08410167477268,43152.14632153655839,0.0,0.0,0.0,-0.5681478934441577,0.8229264676597575,4.409648462001090
89632.19931477689533,43151.84240904231410,0.0,0.0,0.0,-0.5680910578732341,0.8229657040025847,4.460944256520022
89632.31456249675830,43151.53851153438154,0.0,0.0,0.0,-0.5680552320544515,0.8229904333195880,4.511656683430511
89632.42982754332479,43151.23462137085880,0.0,0.0,0.0,-0.5680434410097318,0.8229985717641455,4.561805355966741
89632.54509336377669,43150.93073122882925,0.0,0.0,0.0,-0.5680500428118170,0.8229940150824262,4.611408785372440
89632.66035526810447,43150.62683904114238,0.0,0.0,0.0,-0.5680528782985964,0.8229920579548019,4.660484355548421
89632.77561739580415,43150.32294665260270,0.0,0.0,0.0,-0.5680496942838016,0.8229942556446428,4.709048529804572
89632.89088407086092,43150.01905598980375,0.0,0.0,0.0,-0.5680408566940430,0.8230003554837007,4.757116932858586
89633.00615750176075,43149.71516804963176,0.0,0.0,0.0,-0.5680323761906660,0.8230062087245671,4.804704443116353
89633.12143624739838,43149.41128222495900,0.0,0.0,0.0,-0.5680263735972209,0.8230103516347717,4.851825221730413
89633.23671850518440,43149.10739774981630,0.0,0.0,0.0,-0.5680228489566356,0.8230127842647326,4.898492748800417
89633.35200247235480,43148.80351385814720,0.0,0.0,0.0,-0.5680218022928716,0.8230135066449140,4.944719868378063
89633.46728703094414,43148.49963007871702,0.0,0.0,0.0,-0.5680199744907646,0.8230147681418063,4.990518813851756
89633.58257515035802,43148.19574769982864,0.0,0.0,0.0,-0.5680120447506036,0.8230202409529417,5.035901236597925
89633.69787130394252,43147.89186865718511,0.0,0.0,0.0,-0.5679981435482917,0.8230298347725277,5.080878268256157
89633.81317611732811,43147.58799317783996,0.0,0.0,0.0,-0.5679917993739275,0.8230342130458296,5.125460632484792
89633.92847995144257,43147.28411693064845,0.0,0.0,0.0,-0.5680011518252577,0.8230277586601685,5.169658639077813
89634.04377173262765,43146.98023494975496,0.0,0.0,0.0,-0.5680217759339290,0.8230135248371472,5.213482132357098
89634.15907409647480,43146.67635753452487,0.0,0.0,0.0,-0.5679505633103109,0.8230626693244570,5.256939867624581
89634.27446283782774,43146.37251898783870,0.0,0.0,0.0,-0.5678253222249631,0.8231490772880189,5.300040522154287
89634.38988251508272,43146.06869347518659,0.0,0.0,0.0,-0.5678769864597539,0.8231134358333536,5.342794009663987
89634.50519677919510,43145.76481811206031,0.0,0.0,0.0,-0.5681196838342912,0.8229459428419493,5.385209965099550
89634.62027974336524,43145.46083486796852,0.0,0.0,0.0,-0.5684582723219865,0.8227120958322554,5.427296988927242
89634.73526464619499,43145.15680579985201,0.0,0.0,0.0,-0.5683312236989627,0.8227998664127502,5.469059238437690
89634.85054135631071,43144.85291189566487,0.0,0.0,0.0,-0.5676460395496258,0.8232727213892276,5.510500075945622
89634.96651070678490,43144.54933922459168,0.0,0.0,0.0,-0.5664013655255057,0.8241295366208170,5.551622984844212
89635.08331287527108,43144.24615274902317,0.0,0.0,0.0,-0.5657151263448851,0.8246007493475802,5.592439024787297
89635.19996461067058,43143.94289545892389,0.0,0.0,0.0,-0.5668225432702144,0.8238399143284367,5.632966835784056
89635.31518006157421,43143.63896974881936,0.0,0.0,0.0,-0.5697173041218648,0.8218407348045694,5.673225890492153
89635.42767394451948,43143.33377827442018,0.0,0.0,0.0,-0.5743564636050518,0.8186053094838188,5.713238529151560
89635.53693891415605,43143.02708155171422,0.0,0.0,0.0,-0.5778603192782016,0.8161356819816757,5.753005488082481
89635.64478512997448,43142.71970617464831,0.0,0.0,0.0,-0.5782826596523437,0.8158364821123235,5.792506451418954
89635.75345237553120,43142.41267636905832,0.0,0.0,0.0,-0.5756293037265502,0.8177107708054768,5.831720703622298
89635.86518043432443,43142.10701636075100,0.0,0.0,0.0,-0.5698699492650847,0.8217348969860108,5.756646986555209
89635.98220908998337,43141.80375037556223,0.0,0.0,0.0,-0.5609429079999939,0.8278544884002927,5.665632712240011
89636.10677812600625,43141.50390263931331,0.0,0.0,0.0,-0.5487658239134425,0.8359761183817398,5.573218718371722
89636.24112732599315,43141.20849737785466,0.0,0.0,0.0,-0.5332533357794527,0.8459556016009860,5.479243341611467
89636.38738897012081,43140.91854667776352,0.0,0.0,0.0,-0.5149566857799445,0.8572161989664775,5.383506306281931
89636.54635670995049,43140.63491146846354,0.0,0.0,0.0,-0.4959625629177272,0.8683439043282791,5.285930153816955
89636.71791638714785,43140.35835016993951,0.0,0.0,0.0,-0.4763985719485618,0.8792294357250393,5.186434840165774
89636.90194832005363,43140.08963551266788,0.0,0.0,0.0,-0.4560354548467391,0.8899616081172984,5.084933946851916
89637.09869657730451,43139.83004475125927,0.0,0.0,0.0,-0.4334092238683558,0.9011972285054085,4.981403498253760
89637.30883054174774,43139.58144505407108,0.0,0.0,0.0,-0.4080541787273615,0.9129577138198344,4.875756095326830
89637.53304372492130,43139.34573705618095,0.0,0.0,0.0,-0.3798149325039848,0.9250624935900241,4.767794203126021
89637.77185062316130,43139.12468911242468,0.0,0.0,0.0,-0.3498018915726472,0.9368236956077691,4.657248330250547
89638.02434662157611,43138.91902094986290,0.0,0.0,0.0,-0.3206426463695265,0.9472002392995617,4.543938326580993
89638.28895141354587,43138.72895300476375,0.0,0.0,0.0,-0.2923591591766287,0.9563085914314138,4.427721293593017
89638.56408059195383,43138.55470266073826,0.0,0.0,0.0,-0.2648386515946635,0.9642927401061985,4.308482356005623
89638.84833000987419,43138.39650289757992,0.0,0.0,0.0,-0.2375360445717318,0.9713787250754550,4.185966228130310
89639.14089586390764,43138.25463863686309,0.0,0.0,0.0,-0.2100937534020815,0.9776812439550149,4.059760115747435
89639.44108082645107,43138.12939583152183,0.0,0.0,0.0,-0.1826350000926173,0.9831807853803743,3.929417142810483
89639.74793889795546,43138.02092804411950,0.0,0.0,0.0,-0.1555599007109502,0.9878264611209802,3.794531731640126
89640.06034507746517,43137.92929353883665,0.0,0.0,0.0,-0.1288314588709292,0.9916665040250114,3.654656009342861
89640.37717027934559,43137.85454844529158,0.0,0.0,0.0,-0.1023634337316423,0.9947470670651247,3.509272801837848
89640.69681979987945,43137.79663092978444,0.0,0.0,0.0,-0.0767659496588194,0.9970491407011891,3.358294924908122
89641.01969511668722,43137.75624705864902,0.0,0.0,0.0,-0.0463792445751860,0.9989239038448500,3.197839569321637
89641.34914419759298,43137.73729083273793,0.0,0.0,0.0,-0.0100537928341348,0.9999494593476453,3.029036625030822
89641.67017775985005,43137.74473290600145,0.0,0.0,0.0,0.0358989096659397,0.9993554264048385,2.859879962249521
89641.98167067141912,43137.77303757864138,0.0,0.0,0.0,0.0347297174330314,0.9993967414030435,2.668517611802502
89642.35919508532970,43137.77147474134108,0.0,0.0,0.0,-0.0288050569252901,0.9995850482552902,2.401046647986445
89642.79532622257830,43137.74620734462951,0.0,0.0,0.0,-0.0161970371971933,0.9998688193888400,2.093864355545513
89643.18578070588410,43137.76783831205830,0.0,0.0,0.0,0.1029411108352416,0.9946874522683025,1.816564272896040
89643.42275427249842,43137.90931300516240,0.0,0.0,0.0,0.5087306413652394,0.8609257427537593,1.573324270220646
89643.53699937475903,43138.17324124675361,0.0,0.0,0.0,0.3296901657631502,0.9440891878414172,1.709704033212293
89643.82102447758371,43138.32262183992134,0.0,0.0,0.0,0.1722030403474680,0.9850614767084785,1.839648574932614
89644.14109100992209,43138.42096298329125,0.0,0.0,0.0,0.1456323405315815,0.9893387798885139,1.963573011165812
89644.45044720704027,43138.54018650054786,0.0,0.0,0.0,0.2344772899591565,0.9721215975861300,2.076930652178342
89644.72502367643756,43138.71538499747840,0.0,0.0,0.0,0.3183250750496842,0.9479816172239908,2.184151520441105
89644.97532587105525,43138.92551213086699,0.0,0.0,0.0,0.3589327604273098,0.9333634198381847,2.286507192135197
89645.21465262887068,43139.14594533228228,0.0,0.0,0.0,0.3647791676973393,0.9310940655025337,2.383718393962109
89645.45507074902707,43139.36445783100498,0.0,0.0,0.0,0.3537151217589278,0.9353532020788013,2.477719554721144
89645.70014890648599,43139.58170094973320,0.0,0.0,0.0,0.3722039386683220,0.9281509726546582,2.568272078188981
89645.90709325142961,43139.83008106623311,0.0,0.0,0.0,0.4858406019924723,0.8740474297517224,2.655344740864046
89646.07876231985574,43140.10630495326041,0.0,0.0,0.0,0.4745492284160580,0.8802289644233051,2.739641350403681
89646.26048453398107,43140.37553054668388,0.0,0.0,0.0,0.4681792953547806,0.8836334915569357,2.821444463414356
89646.43891497945879,43140.64756979221420,0.0,0.0,0.0,0.4858686181170715,0.8740318563582263,2.901193790975505
89646.60216137026146,43140.93011752911116,0.0,0.0,0.0,0.5144844885129610,0.8574996857606170,2.978934866646534
89646.74473418336129,43141.22351928410353,0.0,0.0,0.0,0.5472300851440908,0.8369822183972555,3.054565231830821
89646.86210773517087,43141.52701425548730,0.0,0.0,0.0,0.5841151467359148,0.8116708047932245,3.128185015034533
89646.95101317585795,43141.83955384267756,0.0,0.0,0.0,0.6186741791811834,0.7856476691332375,3.200121316961181
89647.01878859566932,43142.15766271496977,0.0,0.0,0.0,0.6371210399490951,0.7707637643624560,3.270486943705402
89647.07424361139419,43142.47798507596599,0.0,0.0,0.0,0.6509772409351537,0.7590972479099465,3.339332503550000
89647.11757039360236,43142.80015998293675,0.0,0.0,0.0,0.6657444701114913,0.7461798044144384,3.406824166796297
89647.14778113033390,43143.12423141347972,0.0,0.0,0.0,0.6813869112816080,0.7319234093360520,3.473127796412678
89647.16319123111316,43143.44978375345090,0.0,0.0,0.0,0.6994763151967234,0.7146557804137695,3.538208657210173
89647.16067058069166,43143.77544792744447,0.0,0.0,0.0,0.7206527095314194,0.6932962370048057,3.602023793150991
89647.13690933492035,43144.09973631176399,0.0,0.0,0.0,0.7447040281035479,0.6673948685196420,3.664647549849754
89647.08908211742528,43144.42121901742939,0.0,0.0,0.0,0.7693947864672833,0.6387735612538793,3.726260610866786
89647.01817269444291,43144.73892009628617,0.0,0.0,0.0,0.7906128626485335,0.6123163409665718,3.786991158905700
89646.92696585536760,43145.05207823069941,0.0,0.0,0.0,0.8085825500255904,0.5883827494022184,3.846862357605731
89646.81825709907571,43145.35993337923719,0.0,0.0,0.0,0.8236954347360549,0.5670324777250255,3.905814668217968
89646.69478805959807,43145.66173577621521,0.0,0.0,0.0,0.8365480779082430,0.5478935237325079,3.963758171793777
89646.55804996441293,43145.95697419374483,0.0,0.0,0.0,0.8487312135418983,0.5288244767025223,4.020767771112932
89646.40827720426023,43146.24537716840132,0.0,0.0,0.0,0.8604715847204996,0.5094984316841340,4.076943174646039
89646.24568839250423,43146.52670309947280,0.0,0.0,0.0,0.8715462432410520,0.4903133140068797,4.132373318583342
89646.07148502337805,43146.80119320913946,0.0,0.0,0.0,0.8807054755186895,0.4736642960910173,4.187097329894456
89645.88789642862685,43147.06959362713678,0.0,0.0,0.0,0.8879038976350598,0.4600289866567857,4.241105576861118
89645.69723914899805,43147.33286389342538,0.0,0.0,0.0,0.8930174429988397,0.4500220511261800,4.294415962874668
89645.50197893333097,43147.59269213791413,0.0,0.0,0.0,0.8958982238216883,0.4442593528032293,4.347073198764121
89645.30461659778666,43147.85094086729805,0.0,0.0,0.0,0.8966434507868632,0.4427533423487913,4.399100421414678
89645.10705812528613,43148.10903072718793,0.0,0.0,0.0,0.8965882185904109,0.4428651784514938,4.450517936627194
89644.90954898066411,43148.36714887757262,0.0,0.0,0.0,0.8965666540369295,0.4429088335865801,4.501347351694454
89644.71204712602776,43148.62526891214657,0.0,0.0,0.0,0.8965787696211475,0.4428843075393724,4.551609072857310
89644.51451265782816,43148.88336578882445,0.0,0.0,0.0,0.8966159841165546,0.4428089622249106,4.601322238197335
89644.31693741849449,43149.14143475507444,0.0,0.0,0.0,0.8966432296415459,0.4427537902017080,4.650504312638683
89644.11933759029489,43149.39948661457311,0.0,0.0,0.0,0.8966567480608326,0.4427264123100998,4.699171775080919
89643.92172991510597,43149.65753252757713,0.0,0.0,0.0,0.8966570992607751,0.4427257010218094,4.747340265916875
89643.72412485082168,43149.91557952771109,0.0,0.0,0.0,0.8966551758689412,0.4427295964665545,4.795024807378612
89643.52652119779668,43150.17362699325895,0.0,0.0,0.0,0.8966551875145378,0.4427295728808604,4.842239746667432
89643.32891649038356,43150.43167347111012,0.0,0.0,0.0,0.8966571342028593,0.4427256302532253,4.888998738640863
89643.13130870266468,43150.68971778266859,0.0,0.0,0.0,0.8966598197282086,0.4427201911873643,4.935314767898234
89642.93369832553435,43150.94776032042864,0.0,0.0,0.0,0.8966613837547031,0.4427170234846421,4.981200178831841
89642.73608674344723,43151.20580203478312,0.0,0.0,0.0,0.8966618047328960,0.4427161708511965,5.026666751854188
89642.53847533234512,43151.46384387026774,0.0,0.0,0.0,0.8966611527081131,0.4427174914368733,5.071725740095977
89642.34086491278140,43151.72188639893284,0.0,0.0,0.0,0.8966603063395573,0.4427192056315734,5.116387912131284
89642.14325545934844,43151.97992962537683,0.0,0.0,0.0,0.8966595299788724,0.4427207780283952,5.160663573845375
89641.94564687558159,43152.23797350655514,0.0,0.0,0.0,0.8966588236269935,0.4427222086273244,5.204562592768949
89641.74803904311557,43152.49601797749347,0.0,0.0,0.0,0.8966582545362733,0.4427233612222915,5.248094421984586
89641.55043173603190,43152.75406286535872,0.0,0.0,0.0,0.8966579105538242,0.4427240578975240,5.291268123431648
89641.35282469516096,43153.01210796400119,0.0,0.0,0.0,0.8966577920604317,0.4427242978844866,5.334092392287493
89641.15521766323945,43153.27015306877001,0.0,0.0,0.0,0.8966578790578401,0.4427241216869663,5.376575577459268
89640.95761062827660,43153.52819816615374,0.0,0.0,0.0,0.8966577042479026,0.4427244757327981,5.418725701301423
89640.76000406563981,43153.78624362232949,0.0,0.0,0.0,0.8966570710992668,0.4427257580576087,5.460550476845479
89640.56239848330733,43154.04428982918034,0.0,0.0,0.0,0.8966561048236338,0.4427277150602938,5.502057323911740
89640.36479384869745,43154.30233676295757,0.0,0.0,0.0,0.8966555206259627,0.4427288982334266,5.543253384262778
89640.16718960597063,43154.56038399754470,0.0,0.0,0.0,0.8966554318918969,0.4427290779458198,5.584145536176346
89639.96958517777966,43154.81843109034526,0.0,0.0,0.0,0.8966558386220378,0.4427282541977754,5.624740407895553
89639.77198003526428,43155.07647763587011,0.0,0.0,0.0,0.8966565742551449,0.4427267643197413,5.665044390190361
89639.57437407267571,43155.33452355311601,0.0,0.0,0.0,0.8966572302987101,0.4427254356291785,5.705063648128178
89639.37676740270399,43155.59256892849953,0.0,0.0,0.0,0.8966577880540921,0.4427243059986009,5.744804132038460
89639.17916013892682,43155.85061384919391,0.0,0.0,0.0,0.8966582545315754,0.4427233612318064,5.784271587837663
89638.98155233784928,43156.10865835848381,0.0,0.0,0.0,0.8966587269633672,0.4427224044030680,5.823471566714469
89638.78394396435760,43156.36670242951368,0.0,0.0,0.0,0.8966592364818506,0.4427213724587787,5.862409434254052
89638.58633497498522,43156.62474602890870,0.0,0.0,0.0,0.8966597863171213,0.4427202588562381,5.901090379015798
89638.38872528707725,43156.88278909332439,0.0,0.0,0.0,0.8966604502888219,0.4427189140841478,5.939519420607197
89638.19111474072270,43157.14083150031365,0.0,0.0,0.0,0.8966612591295356,0.4427172758953910,5.977701417285319
89637.99350316704658,43157.39887312059000,0.0,0.0,0.0,0.8966622128376541,0.4427153442891736,6.015641073124545
89637.79589041335566,43157.65691383717058,0.0,0.0,0.0,0.8966632664054232,0.4427132104186153,6.053342944780376
89637.59827640805452,43157.91495359526743,0.0,0.0,0.0,0.8966643598693226,0.4427109957298758,6.090811447876864
89637.40066110499902,43158.17299235951214,0.0,0.0,0.0,0.8966654929303771,0.4427087008269927,6.128050863044108
89637.20304445645888,43158.43103009331389,0.0,0.0,0.0,0.8966666739844462,0.4427063087032654,6.165065341626385
89637.00542637576291,43158.68906673033780,0.0,0.0,0.0,0.8966679560655489,0.4427037119397473,6.201858911083635
89636.80780673626577,43158.94710217348620,0.0,0.0,0.0,0.8966693484689804,0.4427008917047878,6.238435480106467
89636.61018540922669,43159.20513632423535,0.0,0.0,0.0,0.8966708516422796,0.4426978470865983,6.274798843462603
89636.41256225464167,43159.46316907530127,0.0,0.0,0.0,0.8966724900422719,0.4426945285424158,6.310952686590906
89636.21493710314098,43159.72120029695361,0.0,0.0,0.0,0.8966742776463057,0.4426909077533397,6.346900589961523
89636.01730978080013,43159.97922985594050,0.0,0.0,0.0,0.8966762144754602,0.4426869846674492,6.382646033215106
89635.81968008889817,43160.23725760004163,0.0,0.0,0.0,0.8966783630211602,0.4426826326949053,6.418192399093193
89635.62204773530539,43160.49528330546309,0.0,0.0,0.0,0.8966807809683677,0.4426777349742793,6.453542977174899
89635.42441240575863,43160.75330673148710,0.0,0.0,0.0,0.8966834708563929,0.4426722863393782,6.488700967430701
89635.22677374409977,43161.01132760519977,0.0,0.0,0.0,0.8966865167677404,0.4426661164432363,6.523669483597765
89635.02913130036904,43161.26934558186622,0.0,0.0,0.0,0.8966899589765579,0.4426591436654381,6.558451556402213
89634.83148484853155,43161.52736048826773,0.0,0.0,0.0,0.8966932076398921,0.4426525628215445,6.593050136630617
89634.63383502872603,43161.78537281468016,0.0,0.0,0.0,0.8966957371454780,0.4426474386971282,6.627468098046001
89634.43618267927377,43162.04338320327952,0.0,0.0,0.0,0.8966975475182892,0.4426437713045170,6.661708240169558
89634.23852859335602,43162.30139226163737,0.0,0.0,0.0,0.8966988248227779,0.4426411837611240,6.695773290939833
89634.04087295013596,43162.55940012697101,0.0,0.0,0.0,0.8967002695809677,0.4426382569699775,6.729665909252501
89633.84321548591834,43162.81740659722709,0.0,0.0,0.0,0.8967019489919384,0.4426348547889772,6.763388687382045
89633.64555592712713,43163.07541146278527,0.0,0.0,0.0,0.8967038630502793,0.4426309772154520,6.796944153295575
89633.44789400904847,43163.33341452081368,0.0,0.0,0.0,0.8967059689048572,0.4426267110448727,6.830334772864811
89633.25022964467644,43163.59141570468637,0.0,0.0,0.0,0.8967080363468508,0.4426225226431376,6.863562951981775
89633.05256291246042,43163.84941507448093,0.0,0.0,0.0,0.8967100311644749,0.4426184813233701,6.896631038579526
89632.85489389703434,43164.10741269504069,0.0,0.0,0.0,0.8967119533597177,0.4426145870865527,6.929541324567967
89632.65722267595993,43164.36540862582478,0.0,0.0,0.0,0.8967138589111344,0.4426107265269359,6.962296047686634
89632.45954887257540,43164.62340257816686,0.0,0.0,0.0,0.8967165181546204,0.4426053389518187,6.994897393269341
89632.26187138672685,43164.88139370887802,0.0,0.0,0.0,0.8967201765338272,0.4425979270140585,7.027347495958896
89632.06418905363535,43165.13938112533651,0.0,0.0,0.0,0.8967248339985610,0.4425884906888716,7.059648441344676
89631.86650070859469,43165.39736393490602,0.0,0.0,0.0,0.8967304904849155,0.4425770299447125,7.091802267528625
89631.66880497467355,43165.65534108231077,0.0,0.0,0.0,0.8967377071457335,0.4425624075574119,7.123810966620480
89631.47109955444466,43165.91331080671807,0.0,0.0,0.0,0.8967471078180022,0.4425433590282973,7.155676486191875
89631.27338193639298,43166.17127118313510,0.0,0.0,0.0,0.8967584562147705,0.4425203624775946,7.187400730654762
89631.07565111684380,43166.42922144052136,0.0,0.0,0.0,0.8967693981621723,0.4424981881543192,7.218985562341015
89630.87790812809544,43166.68716236595355,0.0,0.0,0.0,0.8967793556546861,0.4424780076699473,7.250432802975905
89630.68015393674432,43166.94509469960030,0.0,0.0,0.0,0.8967886783128690,0.4424591127436042,7.281744235472948
89630.48238918228890,43167.20301893651776,0.0,0.0,0.0,0.8967974740940325,0.4424412847582863,7.232548259070579
89630.28461447608424,43167.46093555069092,0.0,0.0,0.0,0.8968057430614721,0.4424245237460972,7.160286381589033
89630.08683038460731,43167.71884498109284,0.0,0.0,0.0,0.8968137135391705,0.4424083670186207,7.087287759025513
89629.88903648190899,43167.97674689276755,0.0,0.0,0.0,0.8968227124561541,0.4423901246894943,7.013529389898419
89629.69123136978305,43168.23464019260427,0.0,0.0,0.0,0.8968329538680415,0.4423693624747574,6.938987050689676
89629.49341360935068,43168.49252375573269,0.0,0.0,0.0,0.8968444376016023,0.4423460802845051,6.863635202317580
89629.29558172517864,43168.75039643546916,0.0,0.0,0.0,0.8968572822052483,0.4423200372529099,6.787446883086266
89629.09773389814654,43169.00825687992619,0.0,0.0,0.0,0.8968718010595114,0.4422905973048357,6.710393587725869
89628.89986812078860,43169.26610362475913,0.0,0.0,0.0,0.8968880105313338,0.4422577264052558,6.632445154395605
89628.70198238373268,43169.52393520444457,0.0,0.0,0.0,0.8969059119629568,0.4422214208808714,6.553569627454783
89628.50407014515076,43169.78174652883172,0.0,0.0,0.0,0.8969371965384744,0.4421579643811725,6.473733188588545
89628.30610739864642,43170.03951854078332,0.0,0.0,0.0,0.8969927476668988,0.4420452585799186,6.392899983168641
89628.10808381339302,43170.29724310687743,0.0,0.0,0.0,0.8970300167040223,0.4419696246711775,6.311031553094434
89627.91004525462631,43170.55495699406310,0.0,0.0,0.0,0.8970177439760547,0.4419945327626905,6.228086694594445
89627.71204596316966,43170.81270369738195,0.0,0.0,0.0,0.8969762788591917,0.4420786753100828,6.144021508135286
89627.51398467621766,43171.07040459820564,0.0,0.0,0.0,0.8971669504262197,0.4416915927011935,6.058790107829961
89627.31552051924518,43171.32779291585757,0.0,0.0,0.0,0.8976687390755701,0.4406708918075666,5.972343330514869
89627.11629217088921,43171.58458581321611,0.0,0.0,0.0,0.8984794983050577,0.4390154793688850,5.884627539596511
89626.91598840797087,43171.84053952401155,0.0,0.0,0.0,0.8994241483034864,0.4370768827661194,5.795583931514435
89626.71473892644281,43172.09575414900610,0.0,0.0,0.0,0.9000782541192980,0.4357282828341034,5.705149758205235
89626.51290253398474,43172.35050847012462,0.0,0.0,0.0,0.9004248248759054,0.4350116489787315,5.613258390869357
89626.31083833085722,43172.60508151287650,0.0,0.0,0.0,0.9004799131532644,0.4348976040489180,5.519838186514356
89626.10876585604274,43172.85964475005312,0.0,0.0,0.0,0.9004874394167438,0.4348820201533700,5.424809925797683
89625.90665127028478,43173.11417481641547,0.0,0.0,0.0,0.9005721754921964,0.4347065179281910,5.328086085193551
89625.70438458796707,43173.36859076331893,0.0,0.0,0.0,0.9007105201143543,0.4344197957682515,5.229572093460955
89625.50196830436471,43173.62289126864198,0.0,0.0,0.0,0.9008247289367650,0.4341829196732685,5.129166117922285
89625.29943328273657,43173.87709535815520,0.0,0.0,0.0,0.9009148459559212,0.4339958989854844,5.026756146103055
89625.09681038635608,43174.13122205768013,0.0,0.0,0.0,0.9009809050205414,0.4338587428972318,4.922218499126509
89624.89413047858397,43174.38529039300920,0.0,0.0,0.0,0.9010229298017637,0.4337714605312871,4.815416055100925
89624.69142453411769,43174.63931972676801,0.0,0.0,0.0,0.9010394844796927,0.4337370717480460,4.706195628786444
89624.48872760207450,43174.89334173576208,0.0,0.0,0.0,0.9010178104992616,0.4337820941015393,4.594381468018160
89624.28607987970463,43175.14740365613397,0.0,0.0,0.0,0.9009549076247321,0.4339127267399638,4.479774915874423
89624.08352189415018,43175.40155372109439,0.0,0.0,0.0,0.9008507484279872,0.4341289313749261,4.362151301316683
89623.88109417249507,43175.65584016378853,0.0,0.0,0.0,0.9007052906751114,0.4344306381344013,4.241254865567856
89623.67883724192507,43175.91031121739798,0.0,0.0,0.0,0.9005184775050193,0.4348177453509021,4.116792343843889
89623.47687815623067,43176.16507088895742,0.0,0.0,0.0,0.8996696661010734,0.4365712907390765,3.988460528676633
89623.27920731551421,43176.42271941761283,0.0,0.0,0.0,0.8949772252937880,0.4461118315012866,3.856046282875096
89623.08111987813027,43176.68032545564347,0.0,0.0,0.0,0.9012313091469075,0.4333383521145470,3.718461518549262
89622.87604499622830,43176.93365662073484,0.0,0.0,0.0,0.8888568644275877,0.4581849785402802,3.576262263224500
89622.71942785232386,43177.21850899312994,0.0,0.0,0.0,0.8581284341745368,0.5134350888487830,3.639768250184473
89622.55740185957984,43177.50401666613470,0.0,0.0,0.0,0.8675077914944085,0.4974235938277294,3.702458536767721
89622.39371868644957,43177.78833884144842,0.0,0.0,0.0,0.8612865809772273,0.5081194991619176,3.763743353739414
89622.24771715969837,43178.07848895781353,0.0,0.0,0.0,0.8380485461653133,0.5455956692187033,3.823350152219376
89622.13873610601877,43178.38148045400158,0.0,0.0,0.0,0.7938005767273367,0.6081781354071746,3.882013808929695
89622.07331096794223,43178.69973284820298,0.0,0.0,0.0,0.7678877399167148,0.6405844354069179,3.940338692986885
89622.01193066634005,43179.01915300974360,0.0,0.0,0.0,0.7730861031769524,0.6343010933891526,3.997628381731041
89621.94817698044062,43179.33755539271806,0.0,0.0,0.0,0.7728670145362467,0.6345680245977015,4.054097208821956
89621.88594488725357,43179.65643347300647,0.0,0.0,0.0,0.7709946009301631,0.6368416799617771,4.109830809924154
89621.82514853899193,43179.97576868750912,0.0,0.0,0.0,0.7699364067031610,0.6381206231058707,4.164837702841377
89621.76499417683226,43180.29527358693304,0.0,0.0,0.0,0.7696952474054836,0.6384114865205759,4.219124203984192
89621.70483562226582,43180.61471616877679,0.0,0.0,0.0,0.7698054105038783,0.6382786460151674,4.272709194445270
89621.64465347060468,43180.93409991348017,0.0,0.0,0.0,0.7697619735116271,0.6383310302151112,4.325624831769803
89621.58459467909415,43181.25349080506567,0.0,0.0,0.0,0.7695646915083237,0.6385688573550220,4.377901422941367
89621.52479191184102,43181.57296991068142,0.0,0.0,0.0,0.7692443064858053,0.6389547690871181,4.429573615394739
89621.46538461266027,43181.89248431993474,0.0,0.0,0.0,0.7687798760319847,0.6395134886835822,4.480611294786565
89621.40628394510713,43182.21197266136005,0.0,0.0,0.0,0.7688613344049704,0.6394155522483076,4.531139389044641
89621.34702858576202,43182.53242691213381,0.0,0.0,0.0,0.7673255340875490,0.6412577677792743,4.581273519044320
89621.29365863026760,43182.85417580884678,0.0,0.0,0.0,0.7565371014581056,0.6539507734664499,4.630781472093837
89621.25606772604806,43183.17703547408018,0.0,0.0,0.0,0.7353019193235332,0.6777396900279106,4.679565619608145
89621.24408085964387,43183.50081474027684,0.0,0.0,0.0,0.7036552345366758,0.7105415617042650,4.727810070565948
89621.25871458147594,43183.82523256099375,0.0,0.0,0.0,0.6810342226743760,0.7322515876024500,4.721335684502186
89621.28609031705128,43184.14985590403376,0.0,0.0,0.0,0.6753148117252029,0.7375295960600861,4.609590955923693
89621.31299204242532,43184.47423214728042,0.0,0.0,0.0,0.6779786151335843,0.7350816263664514,4.495313108891968
89621.34148086006462,43184.79787293860863,0.0,0.0,0.0,0.6711141833012412,0.7413539997679301,4.378216246259322
89621.38036860874854,43185.12027413740725,0.0,0.0,0.0,0.6539472386112474,0.7565401569729953,4.257777278937358
89621.43849695572862,43185.44093153317954,0.0,0.0,0.0,0.6261114044228955,0.7797336142886168,4.132937322359897
89621.52370515855728,43185.75882346469007,0.0,0.0,0.0,0.5910611565626307,0.8066267471407363,4.002892329319292
89621.63729905836226,43186.06955567593832,0.0,0.0,0.0,0.5545048984316768,0.8321804597653539,3.868434094092742
89621.77796666955692,43186.36738257064280,0.0,0.0,0.0,0.5152027616264444,0.8570683254049732,3.730407013378064
89621.94438902297406,43186.64655494759791,0.0,0.0,0.0,0.4715835834509718,0.8818213672958601,3.589578785787582
89622.13517647665867,43186.90150757944502,0.0,0.0,0.0,0.4240032280082129,0.9056606774275978,3.446110626202266
89622.34499273367692,43187.13694909035985,0.0,0.0,0.0,0.3996885069346706,0.9166510227040243,3.295694239109189
89622.56254734184768,43187.37308783915068,0.0,0.0,0.0,0.4086992772375496,0.9126691080482041,3.133123939578175
89622.77605626982404,43187.63141705993621,0.0,0.0,0.0,0.4470931368023376,0.8944874102100299,2.951251695389753
89622.97615712703555,43187.92804520893696,0.0,0.0,0.0,0.4812755008545426,0.8765693881702744,2.746064594567052
89623.17771789070684,43188.22520192377124,0.0,0.0,0.0,0.4410588308440087,0.8974781934590479,2.535966123562981
89623.40955842038966,43188.45409333660064,0.0,0.0,0.0,0.2905681865409606,0.9568542882645703,2.333027047221974
89623.70039755474136,43188.54659905163135,0.0,0.0,0.0,0.0492958734614130,0.9987842193685663,2.099359077966870
89624.00521802621370,43188.66346084465476,0.0,0.0,0.0,0.2427283975779955,0.9700942866594043,2.206455416514852
89624.28668113949243,43188.83008054466336,0.0,0.0,0.0,0.2790875131028777,0.9602656715878429,2.307412025280936
89624.55969372024992,43189.00509554894234,0.0,0.0,0.0,0.2767750353882472,0.9609347427301370,2.403457650586407
89624.83890338205674,43189.16659825459647,0.0,0.0,0.0,0.2349386334085627,0.9720102049526625,2.495710043753934
89625.13554970249243,43189.29688083672954,0.0,0.0,0.0,0.1775066651488320,0.9841195983353550,2.585418540191537
89625.44697261073452,43189.39536423303798,0.0,0.0,0.0,0.1290281505365876,0.9916409311686906,2.672658507771751
89625.76696894054476,43189.46583559521969,0.0,0.0,0.0,0.0885230133128487,0.9960741318365883,2.757061382681754
89626.08997768945119,43189.51210304267443,0.0,0.0,0.0,0.0545425516495051,0.9985114471349645,2.838533067310488
89626.41422115742171,43189.53809821886534,0.0,0.0,0.0,0.0264322452506077,0.9996506071678303,2.917623276308003
89626.73930244646908,43189.54779785012943,0.0,0.0,0.0,0.0044217114396742,0.9999902241861889,2.994671835123393
89627.06482668251556,43189.54517872891302,0.0,0.0,0.0,-0.0114421283203510,0.9999345367070289,3.069859689707160
89627.39038707222790,43189.53408791302354,0.0,0.0,0.0,-0.0226852967932821,0.9997426555416152,3.143252140703813
89627.71511970987194,43189.51339700003155,0.0,0.0,0.0,-0.0430150038550667,0.9990744263784098,3.214824226125706
89628.03757047970430,43189.47555341984116,0.0,0.0,0.0,-0.0758207028619882,0.9971214675341786,3.284730836979902
89628.35642926151922,43189.41451256025903,0.0,0.0,0.0,-0.1123920341718319,0.9936639425151331,3.353282255299084
89628.67104359607038,43189.33117489000142,0.0,0.0,0.0,-0.1451683056048608,0.9894069754392344,3.420671773976814
89628.98090864128608,43189.22799975523958,0.0,0.0,0.0,-0.1742392529589915,0.9847033475764631,3.486984280566005
89629.28551955503644,43189.10744650214474,0.0,0.0,0.0,-0.1997933819574681,0.9798380501521653,3.552219231783239
89629.58437149523525,43188.97197447692452,0.0,0.0,0.0,-0.2220656842286907,0.9750317081449420,3.616310282171862
89629.87695961979625,43188.82404302573559,0.0,0.0,0.0,-0.2412994295070597,0.9704507124628059,3.679141495135165
89630.16282611397037,43188.66613060056261,0.0,0.0,0.0,-0.2572955250078917,0.9663327650508977,3.740602291668905
89630.44315148625174,43188.50138125364174,0.0,0.0,0.0,-0.2665426498948140,0.9638231247418017,3.800887912780951
89630.72114072917611,43188.33376152280835,0.0,0.0,0.0,-0.2681514920278275,0.9633767577242301,3.860208389648627
89630.99993384255504,43188.16706014907686,0.0,0.0,0.0,-0.2643318376915558,0.9644317910472492,3.918707472469256
89631.27970011903381,43188.00149605749903,0.0,0.0,0.0,-0.2643385226275992,0.9644299588124885,3.976348726759749
89631.55915746308165,43187.83554021953751,0.0,0.0,0.0,-0.2650380010391358,0.9642379675190036,4.033155184890990
89631.83847442147089,43187.66940034404979,0.0,0.0,0.0,-0.2650331112354259,0.9642393115554200,4.089174109857543
89632.11785537621472,43187.50332589176833,0.0,0.0,0.0,-0.2649143545665941,0.9642719454306263,4.144439188817824
89632.39725053776056,43187.33725920921279,0.0,0.0,0.0,-0.2649849705600502,0.9642525423234772,4.198976592695916
89632.67660834958951,43187.17114041119930,0.0,0.0,0.0,-0.2650677640864551,0.9642297861206153,4.252813863635070
89632.95594581296609,43187.00499226348620,0.0,0.0,0.0,-0.2650906782471352,0.9642234867013321,4.305978056781249
89633.23528275651915,43186.83884068767657,0.0,0.0,0.0,-0.2650884219961814,0.9642241070018808,4.358494072346069
89633.51462013307901,43186.67268789618538,0.0,0.0,0.0,-0.2650931211426821,0.9642228150810533,4.410384861618309
89633.79395486910653,43186.50653092738503,0.0,0.0,0.0,-0.2651018057219947,0.9642204273935177,4.461672121951182
89634.07328649691772,43186.34036937372002,0.0,0.0,0.0,-0.2651094510852816,0.9642183253523346,4.512376455313153
89634.35261554059980,43186.17420379980467,0.0,0.0,0.0,-0.2651159753239767,0.9642165315052509,4.562517321302733
89634.63194253429538,43186.00803478655143,0.0,0.0,0.0,-0.2651210764458077,0.9642151289127423,4.612113121041126
89634.91126905294368,43185.84186478548509,0.0,0.0,0.0,-0.2651177641595623,0.9642160396545136,4.661181256443293
89635.19059873180231,43185.67569995071972,0.0,0.0,0.0,-0.2651031110510118,0.9642200685067051,4.709738214457654
89635.46993544834550,43185.50954687162448,0.0,0.0,0.0,-0.2650771169790541,0.9642272149519909,4.757799640725616
89635.74928226468910,43185.34341076487181,0.0,0.0,0.0,-0.2650504463891491,0.9642345466062253,4.805380399089104
89636.02863274859556,43185.17728086387797,0.0,0.0,0.0,-0.2650578125689953,0.9642325217478092,4.852494626233519
89636.30797433546104,43185.01113607817388,0.0,0.0,0.0,-0.2651018920517800,0.9642204036580881,4.891526868257236
89636.58729435806163,43184.84495514463197,0.0,0.0,0.0,-0.2651826834744507,0.9641981872962059,4.784034085995488
89636.86658663164417,43184.67872767758672,0.0,0.0,0.0,-0.2652282195951043,0.9641856623754634,4.674069882814046
89637.14589559020533,43184.51252822882816,0.0,0.0,0.0,-0.2650812111679723,0.9642260894031652,4.561455492036216
89637.42528946079256,43184.34647127419885,0.0,0.0,0.0,-0.2647361041176289,0.9643208984444026,4.445989456686278
89637.70482631580671,43184.18065436097095,0.0,0.0,0.0,-0.2644269244241047,0.9644057245991485,4.327443639690792
89637.98417727531341,43184.01452981331386,0.0,0.0,0.0,-0.2656941576409039,0.9640573710083288,4.205559273061911
89638.26316835182661,43183.84780728598707,0.0,0.0,0.0,-0.2663177506231810,0.9638852917764692,4.080036049728727
89638.54209462790459,43183.68097788292653,0.0,0.0,0.0,-0.2660648662122234,0.9639551270507729,3.950526542821204
89638.82126049986982,43183.51454822550295,0.0,0.0,0.0,-0.2649353187796854,0.9642661856889447,3.816623982629115
89639.10097036407387,43183.34902493507252,0.0,0.0,0.0,-0.2629283266120671,0.9648153683814216,3.677845739061095
89639.38152861685376,43183.18491463302053,0.0,0.0,0.0,-0.2600426383711525,0.9655971345385040,3.533611107386080
89639.66345895343693,43183.02316648307897,0.0,0.0,0.0,-0.2469800827424608,0.9690205564014249,3.383355204978350
89639.95766085715150,43182.88612066103087,0.0,0.0,0.0,-0.1888998903969328,0.9819963499973036,3.225872157513514
89640.26517683986458,43182.77773973889271,0.0,0.0,0.0,-0.1518698913267892,0.9884004937819433,3.059455963168792
89640.58000748629274,43182.69279456885124,0.0,0.0,0.0,-0.0751753428179871,0.9971703304010795,2.884788399724961
89640.89771502662916,43182.63539253661293,0.0,0.0,0.0,-0.1751391739369132,0.9845436860559797,2.963247153876316
89641.21473861046252,43182.56549762208306,0.0,0.0,0.0,-0.0643598318807194,0.9979267568515665,3.039095786323247
89641.53889535502822,43182.53618931499659,0.0,0.0,0.0,-0.0265881513875970,0.9996464726120881,3.113275285270444
89641.86520730744815,43182.52987276054773,0.0,0.0,0.0,0.0064431486019408,0.9999792427026140,3.185914853677691
89642.19193250236276,43182.54364484982943,0.0,0.0,0.0,0.0349421783674255,0.9993893356299831,3.257002226039977
89642.51732897442707,43182.57460247389099,0.0,0.0,0.0,0.0592000482458737,0.9982461391298673,3.326421334150766
89642.83979467672179,43182.61973869820213,0.0,0.0,0.0,0.0785750587106582,0.9969082004621170,3.394105866454022
89643.15974953732803,43182.67454619231285,0.0,0.0,0.0,0.0893636749724986,0.9959990630494637,3.460388315033744
89643.47913417025120,43182.73338920887909,0.0,0.0,0.0,0.0910638193653016,0.9958450586324178,3.525549510697263
89643.79991072117991,43182.79064967237355,0.0,0.0,0.0,0.0849551216053655,0.9963847787441444,3.589810742234725
89644.11933207468246,43182.85438104869536,0.0,0.0,0.0,0.1239638984306389,0.9922867286656001,3.652501627626731
89644.42450501942949,43182.96200680553011,0.0,0.0,0.0,0.2082068241337529,0.9780848216714829,3.714295292910897
89644.71893482575251,43183.10201151990623,0.0,0.0,0.0,0.2192435947191709,0.9756701523438216,3.775216628076601
89645.01481997949304,43183.23736209109484,0.0,0.0,0.0,0.2076431227284207,0.9782046481097859,3.835000372276509
89645.31236118340166,43183.36753575658804,0.0,0.0,0.0,0.2030195293925242,0.9791746885439992,3.893807793080720
89645.61012122662214,43183.49699038046674,0.0,0.0,0.0,0.2051782270771587,0.9787246268146490,3.951763237662185
89645.90720786123711,43183.62849626356183,0.0,0.0,0.0,0.2083005276477496,0.9780648701296193,4.008917119207065
89646.20379223403870,43183.76153073854221,0.0,0.0,0.0,0.2099974309918521,0.9777019376971809,4.065287588350682
89646.50016836918076,43183.89519062912586,0.0,0.0,0.0,0.2102735396794404,0.9776425924184557,4.120889677034794
89646.79662760971405,43184.02858099187870,0.0,0.0,0.0,0.2092518923456940,0.9778617722100328,4.175738378099951
89647.09328061084670,43184.16136172709957,0.0,0.0,0.0,0.2086695761804815,0.9779862002997068,4.229868326217010
89647.38995203463128,43184.29407107205770,0.0,0.0,0.0,0.2089257462672638,0.9779315070835314,4.283316492823433
89647.68656265980098,43184.42695471567276,0.0,0.0,0.0,0.2091330761714731,0.9778871900434409,4.336107761701569
89647.98314682596538,43184.55991203811573,0.0,0.0,0.0,0.2091606922968436,0.9778812835911653,4.388264051438945
89648.27973522021784,43184.69285276845767,0.0,0.0,0.0,0.2091161121399296,0.9778908178541612,4.439807035429979
89648.57632951498090,43184.82577222608961,0.0,0.0,0.0,0.2090950260478723,0.9778953267513040,4.490758075233507
89648.87292474809510,43184.95868530183361,0.0,0.0,0.0,0.2090974351994894,0.9778948116198364,4.541137336248111
89649.16951600002358,43185.09160677337059,0.0,0.0,0.0,0.2091215760356216,0.9778896494167313,4.590963869043055
89649.46610142418649,43185.22454325577564,0.0,0.0,0.0,0.2091410554776469,0.9778854835376665,4.640255541509291
89649.76268426080060,43185.35748785173200,0.0,0.0,0.0,0.2091470364506633,0.9778842043636378,4.689029229112661
89650.05926822795300,43185.49043239482853,0.0,0.0,0.0,0.2091395191273069,0.9778858121167312,4.737300938630852
89650.35585701467062,43185.62336876558402,0.0,0.0,0.0,0.2091195308700609,0.9778900867728876,4.785085856320181
89650.65245042704919,43185.75629512714659,0.0,0.0,0.0,0.2091114337088626,0.9778918182970057,4.832398105557240
89650.94904051677440,43185.88922218891094,0.0,0.0,0.0,0.2091255421364924,0.9778888012581585,4.879250990883774
89651.24562195994076,43186.02215659683861,0.0,0.0,0.0,0.2091146842629097,0.9778911231960455,4.925657838528977
89651.54223781525798,43186.15502920532890,0.0,0.0,0.0,0.2089006551228870,0.9779368672308191,4.971633825556926
89651.83894672025053,43186.28774570804671,0.0,0.0,0.0,0.2086791719891673,0.9779841528255535,5.017190547680303
89652.13563453359529,43186.42047569032002,0.0,0.0,0.0,0.2089849196192450,0.9779188633888487,5.062331191794394
89652.43210924767482,43186.55350534026365,0.0,0.0,0.0,0.2095605499119731,0.9777956718663626,5.107061271956616
89652.72864189535903,43186.68633307242271,0.0,0.0,0.0,0.2080305290132767,0.9781223333502084,5.083805761855771
89653.02607337669178,43186.81748795661406,0.0,0.0,0.0,0.2038613429319830,0.9789997716332566,4.980404616385006
89653.32530071627116,43186.94527644157642,0.0,0.0,0.0,0.1959301335988164,0.9806178576529953,4.874721689855159
89653.62749797246943,43187.06586893136409,0.0,0.0,0.0,0.1800833241240239,0.9836513591575227,4.766777528153540
89653.93403388228035,43187.17393477667792,0.0,0.0,0.0,0.1558015632359159,0.9877883745485391,4.656432797181237
89654.24620745700668,43187.26426912487659,0.0,0.0,0.0,0.1244719979880726,0.9922231209344283,4.543309082456457
89654.56384612429247,43187.33479842342786,0.0,0.0,0.0,0.0938999429679317,0.9955816394001142,4.427154744934537
89654.88542087504175,43187.38633540438605,0.0,0.0,0.0,0.0651325410802767,0.9978766216784648,4.307807116346960
89655.20935374085093,43187.41979998995521,0.0,0.0,0.0,0.0380055630714488,0.9992775276046301,4.185146802783365
89655.53434141508478,43187.43600545499066,0.0,0.0,0.0,0.0119532933501206,0.9999285568369802,4.058857666352576
89655.85965324389690,43187.43554272150504,0.0,0.0,0.0,-0.0132309849354176,0.9999124666877790,3.928504485306334
89656.18463019299088,43187.41897490255360,0.0,0.0,0.0,-0.0375565274013464,0.9992945047630113,3.793615903052162
89656.50850285180786,43187.38648671186093,0.0,0.0,0.0,-0.0632971981550058,0.9979947217824982,3.653772625986570
89656.82967638893751,43187.33543310071400,0.0,0.0,0.0,-0.0952507106530853,0.9954533148872841,3.508538365830052
89657.14621937331685,43187.26205635748192,0.0,0.0,0.0,-0.1319771730197971,0.9912527557599538,3.357024898607742
89657.45712814538274,43187.16681194228295,0.0,0.0,0.0,-0.1629126254888460,0.9866405001095034,3.198205330233908
89657.76230112829944,43187.05417076400772,0.0,0.0,0.0,-0.1887318316560850,0.9820286633900963,3.031088411109932
89658.06112136501179,43186.92563911180332,0.0,0.0,0.0,-0.2147423332486273,0.9766707379208899,2.854182073861801
89658.35270521034545,43186.78121564929461,0.0,0.0,0.0,-0.2411529712742650,0.9704871170940877,2.665454779722380
89658.63617657551367,43186.62093975862808,0.0,0.0,0.0,-0.2676600424248545,0.9635134154173076,2.462109394638526
89658.91076043460635,43186.44540012965444,0.0,0.0,0.0,-0.2933577759403290,0.9560027276610374,2.240252917482047
89659.17574440139288,43186.25552591686574,0.0,0.0,0.0,-0.3182872952557060,0.9479943025560897,1.993875003089842
89659.43041702419578,43186.05225135499495,0.0,0.0,0.0,-0.3425645491739392,0.9394942946336906,1.712660494639586
89659.67399930620741,43185.83644553648628,0.0,0.0,0.0,-0.3799748883356283,0.9249968022832981,1.376179323781333
