s_m,x_m,y_m,psi_rad,kappa_radpm,vx_mps,ax_mps2
0.0,89649.67159041573,43184.67876438748,0.48899078552307507,-0.0024329497549414963,6.944444444444445,0.0
0.4073725531280637,89650.03365847714,43184.87106405756,0.48719740734144407,-0.006365327396092019,6.944444444444445,0.0
0.8095650178953435,89650.39163906647,43185.060002779406,0.48378409853522014,-0.010552360800692271,6.944444444444445,0.0
1.2065928614101158,89650.74583359426,43185.24502397368,0.4786877377626974,-0.015010590773265055,6.944444444444445,0.0
1.5984816516219382,89651.0965434711,43185.42557106105,0.47184246911571776,-0.01975638225660224,6.944444444444445,0.0
1.9852706975015098,89651.44407010768,43185.601087462244,0.463180006227057,-0.0248050738710172,6.944444444444445,0.0
2.367016921908998,89651.78871491464,43185.77101659793,0.45263017244302095,-0.030169856651627556,6.944444444444445,0.0
2.743798973160186,89652.13077930258,43185.9348018888,0.4401217323410603,-0.03586033214118382,6.944444444444445,0.0
3.1157215745349847,89652.47056468214,43186.091886755516,0.4255835763176253,-0.04188070455185479,6.944444444444445,0.0
3.482920101141122,89652.80837246391,43186.24171461881,0.408946324063323,-0.04822757601603096,6.944444444444445,0.0
3.8455653600246715,89653.14450405858,43186.383728899345,0.39014441240685477,-0.05488734274346376,6.944444444444445,0.0
4.2038685316468065,89653.47926087675,43186.51737301779,0.36911872545432317,-0.061833238546344975,6.944444444444445,0.0
4.558086208450895,89653.81294432905,43186.64209039488,0.3458198067023036,-0.06902214564318265,6.944444444444445,0.0
4.908525439230775,89654.14585582611,43186.757324451275,0.32021165996574363,-0.07639139352191357,6.944444444444445,0.0
5.25554865700742,89654.47829677857,43186.86251860767,0.29227609483621814,-0.08385589213159987,6.944444444444445,0.0
5.599578334662576,89654.810568597,43186.95711628473,0.26201750057637135,-0.09130608351906491,6.944444444444445,0.0
5.941101179381609,89655.14297269212,43187.04056090317,0.22946784041496945,-0.09860732040392896,6.944444444444445,0.0
6.280671648095953,89655.47581047447,43187.112295883664,0.19469155167420127,-0.1056013495680726,6.944444444444445,0.0
6.618914546955643,89655.80938335478,43187.17176464692,0.1577899285162405,-0.11211053815866905,6.944444444444445,0.0
6.956526474624896,89656.1439927436,43187.21841061361,0.11890447371073672,-0.11794527702601977,6.944444444444445,0.0
7.294275888013109,89656.47994005159,43187.251677204426,0.07821866067091063,-0.12291459319502512,6.944444444444445,0.0
7.632979612395222,89656.81752380061,43187.27101290488,0.036081646518585475,-0.12487057045455684,6.944444444444445,0.0
7.973260071301305,89657.15690633722,43187.276104957724,-0.005953910818585954,-0.12271105040258029,6.944444444444445,0.0
8.315665843254035,89657.49805790777,43187.26697741639,-0.04739092194372383,-0.12002994522860931,6.944444444444445,-0.5882211939610068
8.660728594915222,89657.84093426804,43187.243679740524,-0.08811611288811194,-0.11689088321569996,6.885967000388089,-1.3869351689309755
9.008961147532812,89658.18549117388,43187.20626138986,-0.1280291015935117,-0.11336348619447824,6.804571798581997,-1.600000000000008
9.360855895549895,89658.53168438113,43187.15477182408,-0.1670433412790776,-0.10952018071407521,6.721319377057065,-1.599999999999996
9.716883583525021,89658.87946964554,43187.08926050288,-0.20508654526838288,-0.10543326101744853,6.636026338621809,-1.599999999999994
10.077492433911043,89659.22880272304,43187.00977688596,-0.24210063832934767,-0.10117237190870056,6.548503435568092,-1.599999999999997
10.443107606908207,89659.57963936937,43186.916370433006,-0.2780413016559847,-0.09680251214502278,6.458554690645283,-1.5999999999999972
10.814130964937197,89659.93193534038,43186.80909060371,-0.3128771915115089,-0.09238259437809165,6.365976275981824,-1.6000000000000028
11.190941108355354,89660.28564639192,43186.687986857774,-0.3465889158791987,-0.08796454370493448,6.270555117964063,-1.6000000000000048
11.573893645703915,89660.64072827982,43186.5531086549,-0.379167850716027,-0.08359287769769526,6.172067187572565,-1.599999999999999
11.963321660694454,89660.99713675985,43186.40450545476,-0.41061486949309495,-0.07930468716465515,6.07027542372998,-1.6000000000000045
12.359536338891349,89661.35482758787,43186.24222671706,-0.440939048611682,-0.0751299272073683,5.964927220822574,-1.6000000000000054
12.762827719167062,89661.71375651969,43186.06632190149,-0.47015639876613236,-0.07109192935120197,5.855751389260633,-1.5999999999999983
13.173465538060764,89662.07387931117,43185.87684046777,-0.4982886597809569,-0.06720805416420342,5.742454467592058,-1.600000000000003
13.591251661305336,89662.43507192426,43185.673858503935,-0.5255834468412723,-0.06554105923501823,5.624843794985364,-1.6000000000000048
14.013783271904321,89662.79575043601,43185.457939282656,-0.5533583780688346,-0.06687087787829056,5.503341399919561,-1.5999999999999992
14.438400195360689,89663.1530533778,43185.23007241204,-0.5822703984231479,-0.06984993945575248,5.378474914788413,-1.5999999999999992
14.862499409356499,89663.50407615856,43184.99126189076,-0.6128653767257836,-0.07457940330140618,5.250797551250822,-1.6000000000000025
15.283553626952191,89663.84591418723,43184.742511717486,-0.6457378607879941,-0.08129056960497798,5.120888734186226,-1.6
15.699134653361414,89664.17566287276,43184.48482589088,-0.6815623224122035,-0.0903603805451661,4.989352878220371,-1.599999999999997
16.106943606980344,89664.49041762408,43184.21920840962,-0.7211280110549351,-0.10234183119204358,4.85681515932255,-1.5999999999999956
16.504850850974254,89664.78727385016,43183.94666327236,-0.7653791427707993,-0.11800835005727958,4.723912606203127,-1.5999999999999972
16.890949562764625,89665.0633269599,43183.668194477774,-0.8154609696987075,-0.1384079983147952,4.591278082769071,-1.6000000000000014
17.26362832674065,89665.31567236228,43183.38480602454,-0.8727694949546473,-0.16491258643047643,4.459513694181502,-1.6000000000000034
17.62166991316944,89665.54140546624,43183.0975019113,-0.9389962487778308,-0.19921980561253388,4.329148797629878,-1.600000000000001
17.964385097943488,89665.73762168069,43182.807286136755,-1.0161461239475085,-0.24320790498639408,4.200576236749343,-1.5999999999999994
18.29179069201296,89665.90141641462,43182.51516269955,-1.106480789610079,-0.2984363318549588,4.073959108744337,-1.6
18.604836730432194,89666.02988507696,43182.22213559837,-1.2122998457803311,-0.36495668287908933,3.9491005933983767,-1.5999999999999988
18.90567295227658,89666.12012307663,43181.92920883186,-1.3354310369477753,-0.43914393373320737,3.8252737924072022,-1.5999999999999983
19.197911653832332,89666.16922582257,43181.63738639871,-1.4763257140111343,-0.511040081303553,3.701020905358273,-1.3184204883439805
19.486809721131326,89666.17436906115,43181.347664985275,-1.6310022696303161,-0.5343366917731035,3.61944116428229,-0.16276199240465014
19.778407029865672,89666.13516572039,43181.06081944567,-1.7801165911812216,-0.49049153050427063,3.6754034572995145,0.7000000000000021
20.077631137970585,89666.05404676638,43180.777368136274,-1.915858481209021,-0.4280787938132692,3.7319571708791224,0.7000000000000023
20.388051148441726,89665.93360017762,43180.49781512215,-2.0359705428330814,-0.3612538402252415,3.789735127939115,0.7000000000000003
20.711976308345,89665.77641393266,43180.22266446842,-2.140404080363202,-0.29930760374718146,3.8491021763263555,0.7000000000000003
21.050649494142327,89665.58507601,43179.95242024015,-2.230440794434581,-0.24636282129951298,3.910208437400306,0.7000000000000007
21.404460215886555,89665.36217438817,43179.687586502434,-2.3079315523744808,-0.20313720634496477,3.973042289525555,0.700000000000001
21.773136375781707,89665.11029704564,43179.42866732037,-2.3748164067181947,-0.16870432321759463,4.037475901873803,0.6999999999999986
22.155900782112372,89664.83203196096,43179.17616675902,-2.4328856689610956,-0.14160173453188402,4.103301332716695,0.6999999999999982
22.551592566911474,89664.52996711266,43178.930588883515,-2.4836920463385646,-0.12037093438007229,4.170257824858476,0.7000000000000008
22.95875903983555,89664.20669047922,43178.69243775892,-2.528541138617836,-0.10376171425355542,4.238051838744667,0.7000000000000008
23.375724479380416,89663.86479003917,43178.462217450324,-2.568516024089845,-0.09077546834231401,4.306371442786824,0.6999999999999983
23.80064160638471,89663.50685377105,43178.24043202283,-2.604512884880814,-0.08064438059493219,4.374896453752463,0.6999999999999975
24.231530293936324,89663.13546965332,43178.02758554152,-2.6372771291787043,-0.07279230270825174,4.4433054299280546,0.6999999999999996
24.66630694926955,89662.75322566455,43177.82418207147,-2.6674359804791954,-0.06679625457275844,4.511280357181834,0.7000000000000033
25.102807104514905,89662.36270978325,43177.63072567779,-2.6955266128426922,-0.06235508906932189,4.578509656912187,0.7000000000000053
25.538803081199433,89661.9665099879,43177.44772042557,-2.722020283839958,-0.059266824714482996,4.644689983819856,0.7000000000000016
25.97201811196657,89661.56721425703,43177.27567037987,-2.747343483102971,-0.05741454685848203,4.7095271619208745,0.7
26.400137971118554,89661.16741056918,43177.11507960582,-2.771897362915824,-0.05676075581242849,4.772736520245306,0.7000000000000016
26.82082095081165,89660.76968690283,43176.96645216848,-2.7960769092732733,-0.057350867358617004,4.8340428280326195,0.6999999999999992
27.232395328001985,89660.37649577345,43176.830221062686,-2.8200184757174998,-0.05709815230530015,4.893278470649312,0.6999999999999952
27.635467750204146,89659.98866393085,43176.705966330424,-2.842951658473318,-0.05541034477981705,4.950603557386017,0.6999999999999995
28.030785644822146,89659.60594450429,43176.59270474205,-2.864624177029269,-0.053070020971773824,5.006188234062748,0.7000000000000036
28.419050441240145,89659.22807158418,43176.489443079234,-2.8848495262323572,-0.05007197267037592,5.060186888826686,0.7000000000000014
28.800918438146716,89658.85477926105,43176.39518812373,-2.9034480132412197,-0.046422609941514086,5.112739632087937,0.6999999999999982
29.177002567357402,89658.48580162537,43176.30894665725,-2.9202489343549614,-0.042139128893836884,5.1639736953646125,0.6999999999999995
29.54787505284995,89658.12087276761,43176.22972546148,-2.935092379327088,-0.03724838405113322,5.214004776187611,0.7000000000000028
29.91407094000263,89657.75972677828,43176.15653131818,-2.947830669213536,-0.03178565505614872,5.262938347360814,0.700000000000004
30.276092449246757,89657.40209774788,43176.08837100905,-2.9583294726438285,-0.025793495505809,5.31087094185716,0.7000000000000054
30.634414090927034,89657.04771976684,43176.02425131581,-2.9664686774142393,-0.01932082662436105,5.357891419151302,0.700000000000004
30.989488463940233,89656.69632692565,43175.96317902016,-2.972143116758086,-0.012422395257694025,5.404082214551665,0.699999999999999
31.341752649035453,89656.34765331486,43175.904160903854,-2.975263260977989,-0.005158660017563205,5.449520569808589,0.7000000000000011
31.691635097511877,89656.00143302487,43175.84620374857,-2.975755984676183,0.0024038936632909736,5.494279740660638,0.7000000000000066
32.039562906305065,89655.65740014621,43175.78831433604,-2.9735655075276375,0.010192075527492678,5.538430174782778,0.7000000000000025
32.38596936004173,89655.31528876934,43175.72949944799,-2.96865458263955,0.018125083087744173,5.5820406516054435,0.6999999999999995
32.73130160878354,89654.97483298476,43175.66876586613,-2.961005971434924,0.026113563920090965,5.625179373532391,0.6999999999999984
33.076028336582645,89654.635766883,43175.60512037218,-2.950624198392574,0.034058905765202076,5.66791499612803,0.7000000000000056
33.42064726102299,89654.29782455444,43175.53756974786,-2.937537524279886,0.04185305736769243,5.710317582897601,0.7000000000000011
33.765692288826166,89653.96074008962,43175.46512077486,-2.921800015470268,0.049379201985912405,5.752459468477283,0.6999999999999938
34.111740139433635,89653.62424757905,43175.38678023494,-2.903493524326418,0.05651358367223175,5.794416012621496,0.699999999999998
34.45941624011242,89653.28808111312,43175.301554909776,-2.8827293387965183,0.06312870817081287,5.836266226644796,0.699999999999999
34.80939969597777,89652.95197478242,43175.208451581115,-2.859649218194303,0.06909799485179248,5.878093254320331,0.7000000000000031
35.16242714985305,89652.6156626774,43175.10647703068,-2.8344255180885893,0.07430174493116064,5.919984691020035,0.700000000000003
35.518984499113984,89652.27894034,43174.994672847104,-2.807419711772029,0.07744018358217115,5.961996228686906,0.699999999999999
35.87861227720965,89651.94230810688,43174.872479824306,-2.7792089458129126,0.08016176028440743,6.004071778402621,0.7
36.240820518667825,89651.60671651344,43174.739593754835,-2.7497256047110654,0.08325833150641655,6.046153277766969,0.700000000000001
36.605168446644946,89651.27312339863,43174.59571456806,-2.7188583633210666,0.08671903584001164,6.0881899245523075,0.7000000000000048
36.97126986181516,89650.94248660124,43174.44054219326,-2.6864977238390018,0.09052991430884164,6.130138541555039,0.7000000000000048
37.338798984416414,89650.61576396009,43174.27377655978,-2.6525373722418677,0.09467134536846393,6.17196397512982,0.6999999999999981
37.70749673595966,89650.29391331402,43174.09511759692,-2.6168761556248636,0.09911524599731597,6.213639526272894,0.7
38.077177421599536,89649.97789250192,43173.904265234014,-2.579420743447563,0.10382206142556068,6.255147410122056,0.13046994615720175
38.4477357409218,89649.66865936258,43173.700919400355,-2.5400890214165392,0.108737648511036,6.229163190084409,-1.0195291618345201
38.81915401330869,89649.36717173492,43173.484780025305,-2.498814233834033,0.1137902655110111,6.133020102450711,-1.5999999999999972
39.19150945434778,89649.07438745772,43173.255547038156,-2.4555498336401866,0.11888801166518105,6.035097196047421,-1.5999999999999914
39.564981283586675,89648.79126436984,43173.01292036824,-2.410274915189863,0.12391720073739058,5.935258066181705,-1.5999999999999914
39.93985738489241,89648.51876031011,43172.75659994485,-2.3629999925761536,0.12874227554566356,5.833325362775218,-1.599999999999999
40.31654018476421,89648.25783311739,43172.486285697334,-2.313772751913011,0.13320793022885122,5.729074953987501,-1.6000000000000019
40.69555136975829,89648.00944063053,43172.201677555,-2.2626832646212764,0.13714404453545634,5.622229454266859,-1.5999999999999976
41.07753504239189,89647.77454068832,43171.90247544715,-2.209868026785085,0.1403737910584237,5.51245102327434,-1.5999999999999968
41.46325892687881,89647.55409112968,43171.58837930314,-2.1555121233530246,0.14272481987321597,5.399333278622479,-1.6000000000000028
41.8536132914913,89647.34904979343,43171.259089052284,-2.0998488454275823,0.14404278342465532,5.2823920610723505,-1.600000000000005
42.24944972770056,89647.16037992487,43170.91431726517,-2.043183454139988,0.14379490213227036,5.1611034954756105,-1.5999999999999992
42.648518933008,89646.98963255032,43170.55515084497,-1.9858502967735057,0.1453982805072293,5.035868131119674,-1.5999999999999983
43.04742371483407,89646.83946617498,43170.18526617009,-1.9265808077098,0.15240868524943188,4.907491470413712,-1.6000000000000023
43.44296354197517,89646.71266191562,43169.80862630596,-1.863675141825708,0.16513768656923436,4.776792342705701,-1.600000000000001
43.83223973042742,89646.61200088914,43169.42919431802,-1.7953019123488752,0.18436412227519977,4.6445733154171025,-1.6
44.212789052691576,89646.54026421234,43169.0509332717,-1.719411538941158,0.211270963764385,4.511574387177863,-1.5999999999999968
44.58275942822695,89646.50023300205,43168.67780623244,-1.6336845280635004,0.247276179537279,4.3784013348853845,-1.599999999999994
44.94114230555308,89646.49468837513,43168.31377626567,-1.5355593843259734,0.2935625431674256,4.245417887780013,-1.5999999999999965
45.28807243280828,89646.52641144839,43167.96280643683,-1.4224304455311505,0.3499922411723828,4.112590015387611,-1.6000000000000012
45.62518888692491,89646.59818333863,43167.62885981135,-1.2921562942501361,0.4131216056282103,3.9792743033740017,-1.6000000000000028
45.95601005707601,89646.71278516273,43167.31589945467,-1.1440059430077902,0.47374132259639073,3.843955805808534,-0.4498071069769352
46.28694222514183,89646.87176442477,43167.026786065224,-0.9950625375349949,0.42145983122163433,3.903754765901834,0.6999999999999982
46.62422233232579,89647.0714578863,43166.75972397679,-0.8665667326407335,0.3472917330718147,3.9637726249570413,0.6999999999999968
46.97155616181531,89647.30682672621,43166.51168829064,-0.7609738505190886,0.2711811809449203,4.024644180998384,0.7000000000000003
47.33050543877381,89647.57283211566,43166.279654101076,-0.6776266523911443,0.20301950595149615,4.086598802352154,0.700000000000002
47.7009865059333,89647.86443522568,43166.06059650232,-0.6144231038153625,0.14559283081008487,4.149573865520331,0.6999999999999981
48.08173564743856,89648.17659722744,43165.85149058872,-0.5689831319830019,0.09793268564089652,4.213313667829243,0.6999999999999977
48.4706920614514,89648.504279292,43165.64931145453,-0.5392434667467932,0.05770594496344588,4.277446790216645,0.7000000000000004
48.86530130568893,89648.84244259053,43165.45103419404,-0.5236865734747317,0.02235508352015663,4.34154396327703,0.7000000000000036
49.262760641410345,89649.18604829402,43165.25363390152,-0.5213935082269258,-0.01051765788807555,4.405161410785898,0.7000000000000008
49.66023096576089,89649.53005757372,43165.05408567128,-0.5320307175756538,-0.043101172135385696,4.467874831412353,0.7000000000000018
50.05549112354475,89649.86962038762,43164.84950173271,-0.5530169106330434,-0.052990693479027684,4.529378514770583,0.7000000000000045
50.4484262689939,89650.20288073814,43164.63916919321,-0.5725182088553408,-0.04593121669269751,4.589703577976925,0.6999999999999986
50.83909175581258,89650.53037718967,43164.42411457331,-0.589095249241282,-0.038646358124306425,4.648904238123253,0.6999999999999991
51.22748361587078,89650.85271531777,43164.20541307061,-0.602697843593763,-0.031153038905700235,4.707022330446481,0.7000000000000018
51.61354898689548,89651.17050069793,43163.9841398826,-0.6132787924422669,-0.023452940739916887,4.764089707253254,0.7000000000000014
51.99719681958309,89651.48433890569,43163.76137020688,-0.6207901224144794,-0.015534251211910446,4.820130465508071,0.7000000000000042
52.37830884478376,89651.79483551656,43163.538179240975,-0.6251799242524719,-0.007373759895084978,4.875163026997148,0.700000000000001
52.7567508196519,89652.10259610611,43163.31564218244,-0.6263898623431245,0.001060721378601212,4.929202096142477,0.7000000000000005
53.132384102097944,89652.40822624983,43163.09483422882,-0.6243534297547196,0.00980754811177828,4.982260521092796,0.7000000000000043
53.50507762442628,89652.71233152327,43162.87683057768,-0.6189950438578767,0.018907891083713338,5.034351083436626,0.7000000000000014
53.87472034828226,89653.01551750202,43162.66270642658,-0.6102301137740237,0.028401617320744997,5.085488240542682,0.6999999999999995
54.241234281847305,89653.31838976152,43162.45353697304,-0.5979662580032117,0.038322125352001545,5.135689841850748,0.6999999999999991
54.60458812355135,89653.62155387735,43162.250397414624,-0.5821059022319609,0.04868983972763756,5.184978836029577,0.6999999999999975
54.96481156029939,89653.92561542503,43162.0543629489,-0.5625505331947929,0.05950411953588633,5.233384979296084,0.6999999999999981
55.3220101873437,89654.23117998011,43161.86650877339,-0.5392069082474481,0.0707334949510314,5.2809465457798295,0.699999999999999
55.676380926273985,89654.53885311807,43161.68791008567,-0.5119954977221131,0.0823044703609342,5.327712028055412,0.7000000000000031
56.02822769312583,89654.8492404145,43161.519642083265,-0.48086133527482094,0.09408967708187292,5.373741799480032,0.7000000000000005
56.37797690986859,89655.1629474449,43161.36277996376,-0.4457872316440758,0.10589694525878011,5.419109689876997,0.6999999999999985
56.72619226606471,89655.4805797848,43161.21839892467,-0.4068089345545279,0.11746182764294383,5.4639044034090976,0.6999999999999985
57.07358794088729,89655.80274300974,43161.087574163575,-0.36403127965750226,0.12844702254240675,5.508230684561508,0.6999999999999995
57.42103932098333,89656.13004269527,43160.971380878014,-0.31764371342454023,0.13845257302760042,5.552210119085858,0.7000000000000031
57.76959014366188,89656.46308441689,43160.870894265536,-0.26793289973574597,0.14704005851915214,5.595981447273513,0.699999999999999
58.12045501317102,89656.80247375013,43160.78718952369,-0.2152896637879721,0.15377169244882047,5.6397002735555155,0.6999999999999985
58.475016430346415,89657.14881627054,43160.72134185003,-0.16020755911300238,0.15826122820521954,5.6835380846430255,0.7000000000000015
58.83481586520094,89657.50271755365,43160.674426442114,-0.10327110867637408,0.16022872789536213,5.727680540007801,0.7
59.201151679141205,89657.86471580436,43160.64749256209,-0.045596141200777436,0.15497381720630354,5.77227810382525,0.700000000000001
59.57315385130234,89658.23388515359,43160.64102585368,0.01008214302973073,0.14710476978182657,5.8172156182254415,0.7000000000000038
59.94953653753523,89658.60788161377,43160.65496603342,0.06411717752539993,0.14207619931685536,5.862331729751572,0.7000000000000075
60.328976249495994,89658.98430302077,43160.68923042186,0.11728049971394916,0.13960677331624616,5.907465523081547,0.7000000000000046
60.710145005090865,89659.36074721049,43160.743736339624,0.17029839687664117,0.13951778388006278,5.952460429455198,0.7000000000000056
61.091741996891386,89659.73481201878,43160.81840110722,0.22387082248232776,0.14171979622335648,5.997167744256508,0.7000000000000046
61.47252546827694,89660.1040952815,43160.91314204521,0.27868806090029735,0.14619904988863436,6.041449976014903,-0.24819358932434948
61.851346366247306,89660.46619483449,43161.02787647415,0.33544441446323586,0.15300223461696055,5.9656485886244495,-1.39986204056801
62.22718526552102,89660.81870851366,43161.16252171462,0.39484779960091626,0.16221648555260082,5.863981463586067,-1.599999999999998
62.59919398038623,89661.15923415488,43161.31699508718,0.4576233819606892,0.17393960027473346,5.761584045877689,-1.599999999999998
62.96674311825129,89661.48536959397,43161.49121391238,0.5245082715278981,0.1882335677635289,5.658594655614073,-1.6000000000000005
63.329476456707944,89661.79471266687,43161.68509551079,0.5962329283368396,0.20505321733101936,5.555082969090817,-1.599999999999997
63.68737226241882,89662.08486120938,43161.89855720295,0.6734836268612078,0.22414311253686317,5.451025611314631,-1.599999999999998
64.0408102858833,89662.35341305737,43162.13151630943,0.7568399130643009,0.2449035694878647,5.346277072891165,-0.4543820925320935
64.39156497229118,89662.59871216069,43162.3836292616,0.8402828405380246,0.22746221946069925,5.39200659319819,0.6999999999999954
64.74215248425712,89662.82229182568,43162.653437287816,0.9159709930072086,0.2037376897822074,5.437330008179113,0.699999999999998
65.09442520213953,89663.02653739131,43162.93918369116,0.9829032821739039,0.1770284133875961,5.482493905412066,0.7000000000000031
65.4496207332936,89663.2138342054,43163.239111771756,1.0406189057431217,0.14938701780905236,5.527658922771569,0.7000000000000055
65.8084372243315,89663.38656761561,43163.55146482968,1.089058512706291,0.12221358390855255,5.572912726209626,0.7000000000000015
66.1711205953771,89663.5471229698,43163.87448616509,1.1284170898655228,0.09628295165514388,5.6182838103297215,0.6999999999999971
66.53755382804137,89663.6978856156,43164.20641907802,1.1590170964895286,0.0718821315997376,5.6637548939853515,0.6999999999999947
66.90734265573442,89663.84124090082,43164.54550686862,1.1812135387478724,0.04896707490139001,5.709275248042723,0.6999999999999981
67.27989535791663,89663.97957417318,43164.889992836965,1.1953302367618883,0.027294390918089013,5.754771727963533,0.6999999999999991
67.65449659220964,89664.11527078044,43165.238120283175,1.2016213795484345,0.006516961685607979,5.8001585641237945,0.6999999999999943
68.03037648410563,89664.2507160703,43165.58813250734,1.2002518795538297,-0.013750963543489274,5.845346116153686,0.6999999999999953
68.40677681078007,89664.38829539053,43165.93827280956,1.1912915851709742,-0.03388799453012931,5.890248863586088,0.7000000000000018
68.78301628663884,89664.5303940889,43166.28678448995,1.1747206268485018,-0.05422750434248397,5.934792914767917,0.7000000000000104
69.15855680418328,89664.67939751309,43166.6319108486,1.150445378312444,-0.07501696906391178,5.978923286490779,0.7000000000000047
69.53307114790242,89664.83769074704,43166.97189528412,1.1183508252037409,-0.09494830196783194,6.022611040649105,0.700000000000002
69.90634533363396,89665.00721794441,43167.30514578632,1.081661636855431,-0.10137858757471586,6.065841046959,0.7000000000000057
70.27819893515678,89665.18858179061,43167.63057109081,1.0426219902124143,-0.1082650785062547,6.108602348254845,0.7000000000000067
70.64855054935167,89665.38213078966,43167.947174814515,1.001103727727777,-0.11555618704174463,6.1508954558647355,0.7000000000000048
71.01742834679003,89665.58821344556,43168.25396057431,0.9569957827279078,-0.12316780091103054,6.192733146631716,0.6999999999999971
71.38498090151619,89665.8071782623,43168.549931987094,0.910212788606714,-0.13097600791414293,6.234141272220881,0.223888289909881
71.7514879304701,89666.03937374394,43168.83409266977,0.8607052141638493,-0.1388109273686215,6.219215265220793,-0.9262167513767773
72.11737044059777,89666.2851483945,43169.10544623926,0.8084706615909468,-0.1464532966959449,6.124362373565662,-1.599999999999999
72.48319964820624,89666.54485071795,43169.36299631242,0.7535656060081175,-0.1536358941348686,6.028031272181633,-1.599999999999998
72.84970392275793,89666.81882921838,43169.60574650617,0.6961164382269832,-0.16005198428048742,5.929953401152012,-1.6
73.21777294648122,89667.10743239976,43169.832700437415,0.6363282728404163,-0.16537245483791763,5.82979643417502,-1.5999999999999972
73.58845830639854,89667.41100876611,43170.04286172304,0.5744897272617794,-0.1692719317022821,5.727157524652554,-1.5999999999999928
73.96296987658772,89667.72990682146,43170.23523397996,0.5109719172973268,-0.17146192842836339,5.621556393702636,-1.5999999999999985
74.3426402591244,89668.06447405537,43170.40882052563,0.4462319512529695,-0.17121940911822373,5.5124360371311,-1.6000000000000028
74.72640833211295,89668.41412680695,43170.56234983178,0.3813796225095555,-0.169294952891209,5.399897520314458,-1.6000000000000036
75.1116466726086,89668.77562937271,43170.69376757227,0.3157586662985665,-0.17271312093358024,5.284518004540448,-1.6000000000000019
75.49586620046703,89669.14527702771,43170.8008809809,0.2477788521399912,-0.1813848198301,5.1668779791248385,-1.5999999999999959
75.8768129732459,89669.51936504709,43170.88149729147,0.17582886061561692,-0.1955355237645569,5.047533890750294,-1.5999999999999963
76.25258083057648,89669.89418870593,43170.93342373778,0.09822531439731591,-0.2155968758430819,4.926980945245776,-1.6000000000000005
76.62174809739652,89670.26604327936,43170.95446755361,0.013196511098279946,-0.24202646150044094,4.805601521244851,-1.6
76.98354543899018,89670.6312240425,43170.94243597278,-0.08107390728638128,-0.2749699216203561,4.683594184799866,-1.5999999999999954
77.3380579580499,89670.98602627043,43170.89513622907,-0.1863012954025464,-0.3136661325771442,4.560878690219683,-1.5999999999999954
77.68645458059144,89671.32674523829,43170.810375556306,-0.30379935944890524,-0.355569187111636,4.436974784103136,-0.8375229739771052
78.03157406528184,89671.64983161919,43170.68614230395,-0.4303652091877475,-0.3564165115398805,4.4316975395033635,0.31693452136018846
78.37820241646442,89671.95458886534,43170.523749722335,-0.5462847723597746,-0.3127451606926635,4.486114440503694,0.7000000000000031
78.72979249357296,89672.2428220765,43170.32742672046,-0.6466747327805022,-0.2624528187024218,4.540644104226594,0.700000000000006
79.08826012720435,89672.51642114425,43170.10150103179,-0.730873632630686,-0.21265966671566347,4.595574345860556,0.7000000000000054
79.45422991554565,89672.77727596,43169.85030038971,-0.7994702237984367,-0.16713068059942454,4.65098497869102,0.7000000000000028
79.82730658191208,89673.02727641538,43169.578152527654,-0.8536371757625433,-0.1270197727741635,4.7068002512240215,0.7000000000000005
80.20632621332997,89673.2683124019,43169.28938517905,-0.8946624509084906,-0.09195665999253183,4.762834879450216,0.7000000000000014
80.58957108991726,89673.50227381103,43168.98832607733,-0.9236791744118494,-0.06085305426882796,4.818831696182152,0.7000000000000033
80.97494878969995,89673.73105053433,43168.679302955876,-0.94153123114556,-0.03234567507450549,4.874491532029318,0.700000000000001
81.36014381068229,89673.95653246336,43168.36664354816,-0.9487129870425838,-0.0049792036954038185,4.929497005293826,0.6999999999999958
81.74275255906674,89674.18060948962,43168.054675587584,-0.9453411705427727,0.022759426300430794,4.98353217837901,0.7
82.121675338555,89674.40481977093,43167.746952284884,-0.9371300348264722,0.019806675358759296,5.036475440645233,0.7000000000000043
82.49718900928342,89674.62922248224,43167.44377010872,-0.9303512224466709,0.016093783662951316,5.088398962664227,0.7000000000000033
82.86955913589347,89674.85348812764,43167.14456966915,-0.925060336305216,0.012165737959855889,5.139369823285386,0.7000000000000005
83.23904205427385,89675.07728720969,43166.848791572455,-0.9213064333794464,0.008039095438737938,5.189450670950539,0.6999999999999971
83.60588747742949,89675.30029023084,43166.55587642498,-0.9191335316152306,0.003731902315777922,5.238700397870343,0.6999999999999985
83.97034125078581,89675.52216769352,43166.26526483298,-0.9185803852544718,-0.0007361109783257023,5.287174778777956,0.6999999999999981
84.33264823437946,89675.74259010023,43165.97639740279,-0.9196801969236691,-0.005343258450433092,5.334927077137685,0.6999999999999991
84.69305528742733,89675.96122795345,43165.68871474069,-0.9224602505374562,-0.010065566511925476,5.382008620640054,0.700000000000002
85.05181432840911,89676.17775175559,43165.401657452996,-0.9269414533141929,-0.014876404233658857,5.428469346880237,0.6999999999999985
85.40918544097093,89676.39183200922,43165.11466614601,-0.9331377807599266,-0.019746106779518095,5.474358319255773,0.6999999999999975
85.76543999263745,89676.60313921672,43164.82718142602,-0.9410556254089846,-0.024641630968369063,5.519724212307897,0.6999999999999995
86.12086372956007,89676.8113438806,43164.538643899345,-0.9506930584176736,-0.0295262895591207,5.564615764958951,0.6999999999999975
86.4757598064637,89677.01611650332,43164.248494172265,-0.9620390226904797,-0.034359617178498544,5.609082199370479,0.7000000000000005
86.83045170681734,89677.21712758736,43163.95617285111,-0.9750724868076337,-0.03909742453428414,5.653173602481165,0.700000000000004
87.18528600437753,89677.41404763522,43163.661120542165,-0.9897616001220473,-0.04369209707422923,5.696941266712703,0.7000000000000025
87.54063491406936,89677.60654714929,43163.36277785173,-1.0060629002278323,-0.04809318780584312,5.7404379858981756,0.7
87.89688934912543,89677.79429693228,43163.060586300715,-1.0238902964418513,-0.05141312683803447,5.783717185255621,0.7
88.25416712621195,89677.97702891169,43162.754173642934,-1.042223319368448,-0.05136448178742745,5.826797865632747,0.700000000000008
88.61244889514417,89678.15461017749,43162.443579440296,-1.060596014143122,-0.051343519140486515,5.869682090492418,0.700000000000005
88.97171719125976,89678.32692592121,43162.1288984058,-1.0790170509569086,-0.0513488646820416,5.912372066946503,0.6999999999999981
89.33195659650534,89678.49386133435,43161.81022525241,-1.0974947829066324,-0.05137911708056588,5.954870160243049,0.700000000000005
89.69315389925012,89678.65530160844,43161.48765469316,-1.1160372356537427,-0.051432843238920486,5.997178907552765,0.7000000000000068
90.05529825282409,89678.81113193496,43161.16128144098,-1.1346520959468251,-0.0515085736261485,6.039301031096176,0.7000000000000068
90.41838133274325,89678.96123750546,43160.83120020891,-1.1533466989878447,-0.05160479766653411,6.081239450645417,0.700000000000002
90.78239749254837,89679.10550351143,43160.49750570991,-1.172128014638502,-0.051719959265842816,6.12299729542757,0.6999999999999942
91.14734391814628,89679.2438151444,43160.16029265696,-1.191002632480376,-0.0518524525589643,6.164577915449719,0.6999999999999981
91.5132207805047,89679.37605759587,43159.81965576307,-1.209976745760959,-0.0520006179678917,6.205984892259422,0.7000000000000068
91.88003138651213,89679.50211605738,43159.475689741215,-1.2290561342773099,-0.05216273866384953,6.247222049148133,0.700000000000001
92.24778232777462,89679.62187572039,43159.12848930438,-1.248246146269918,-0.052337037532166335,6.288293460799208,0.6999999999999942
92.61648362708073,89679.73522177646,43158.778149165555,-1.2675516794214545,-0.05252167474287017,6.329203462376497,0.6999999999999971
92.98614888222592,89679.84203941711,43158.42476403774,-1.2869771610783989,-0.05271474603363432,6.369956658044221,0.7000000000000028
93.35679540684691,89679.94221383383,43158.06842863391,-1.306526527837788,-0.052914281814244374,6.410557928903794,0.7000000000000076
93.72844436787732,89680.03563021816,43157.70923766706,-1.3262032046665557,-0.05311824720280659,6.451012440328562,0.6999999999999962
94.10108966111379,89680.12216917308,43157.347288005025,-1.3461173188815012,-0.0552528981432886,6.4913222779188,0.6999999999999981
94.4742511972054,89680.20135556847,43156.982843576494,-1.3679939466796385,-0.06212266545983256,6.5314386674249025,0.7000000000000057
94.84733834353321,89680.27211087401,43156.61645168136,-1.3925202524043327,-0.06939879950700613,6.571302235568846,0.6999999999999991
95.21983484915343,89680.33329805957,43156.24868709236,-1.419821723411507,-0.07713950310767395,6.610862892169253,0.7
95.59131005286972,89680.383780095,43155.88012458228,-1.4500361756506446,-0.08538657129737309,6.650080711108943,0.700000000000002
95.96143126263456,89680.42241995018,43155.51133892389,-1.4833086435061358,-0.09415923572420591,6.688926906308216,0.700000000000001
96.3299773046216,89680.44808059504,43155.14290488996,-1.519784566853278,-0.10344574680459194,6.727384901781364,0.700000000000003
96.69685314351366,89680.45962499944,43154.77539725326,-1.5596008227976859,-0.11319278239677069,6.765451484650877,0.700000000000002
97.06210533880854,89680.45591613326,43154.40939078659,-1.6028742196548833,-0.12329324596832304,6.803138015987738,-0.02001470059321824
97.42593792014387,89680.43581696638,43154.04546026268,-1.6496872593656058,-0.1335737900992838,6.763294239062951,-1.1708045185038538
97.78872803956871,89680.39819046864,43153.684180454315,-1.7000713347036693,-0.14378446769066575,6.676916996786961,-1.599999999999992
98.15104050454596,89680.34189960998,43153.32612613428,-1.7539880991483667,-0.15359411351096547,6.589523555922341,-1.599999999999996
98.5136400448132,89680.26580736027,43152.97187207532,-1.8113105237862963,-0.1625959811130797,6.500884721728285,-1.6
98.87749997351665,89680.16877668934,43152.62199305022,-1.8718060400313854,-0.17032811114643165,6.410705920048837,-0.8867940316121545
99.24371443905535,89680.04969087068,43152.27706831129,-1.934745099012134,-0.1708706921448148,6.400519583151562,0.2624581273985046
99.61251500987474,89679.90835447799,43151.93788037518,-1.9959509991458135,-0.16239307777193582,6.4407275779568405,0.6999999999999991
99.98375166854464,89679.74585139797,43151.60549401047,-2.054639789161214,-0.15501062211041883,6.480949240319017,0.6999999999999981
100.35714661995341,89679.56335985122,43151.280994798406,-2.111162490694926,-0.1487995145993881,6.5211544980596745,0.7
100.73231728515486,89679.3620580584,43150.96546832023,-2.165885591403413,-0.14379491996735336,6.561302837001654,0.7000000000000056
101.1087977491276,89679.14312424007,43150.660000157186,-2.2191831949853045,-0.14000855650848712,6.601345890680763,0.7000000000000066
101.48605879031658,89678.9077366169,43150.36567589052,-2.271432619497886,-0.1374419135165754,6.641229782658658,0.6999999999999962
101.86352674497394,89678.65707340946,43150.08358110147,-2.323012573437674,-0.13609567558079008,6.680897257299551,0.7000000000000018
102.240601537431,89678.39231283842,43149.81480137131,-2.3743031472996985,-0.13597602754547933,6.720289641974709,0.7000000000000075
102.61667425493725,89678.11463312438,43149.56042228124,-2.4256869690724527,-0.13709839341124927,6.759348687302743,0.6999999999999962
102.99114467417964,89677.82521248792,43149.32152941253,-2.477550951703039,-0.13948892523734427,6.798018333564617,0.6035048141355256
103.36343916273785,89677.52522914975,43149.09920834645,-2.5302880908164735,-0.1431837590977299,6.825697554851927,-0.5429380410700569
103.73302938442166,89677.21586133039,43148.8945446642,-2.5842987419896626,-0.14822571665424308,6.7385056504334395,-1.599999999999998
104.09945222955112,89676.89828725054,43148.70862394706,-2.6399907135628835,-0.15465776564770436,6.6509326636577155,-1.599999999999998
104.46233136100383,89676.57368513077,43148.54253177626,-2.6977773537040863,-0.16251218928880665,6.563055087065811,-1.170773835960338
104.82160206219952,89676.2432164244,43148.39730972083,-2.7574681591676624,-0.16453570583236576,6.522572884766666,-0.020967040269375903
105.17853193797832,89675.90761222862,43148.27286971659,-2.815121489767381,-0.1571778588748453,6.560766636848446,0.700000000000001
105.53443651252587,89675.5671468765,43148.167924747766,-2.8695081056585243,-0.1477959336986329,6.598630560013968,0.700000000000003
105.89041933743256,89675.2220726461,43148.08112990725,-2.9202047658693147,-0.13692542141391717,6.636286704356557,0.700000000000002
106.24737624251094,89674.87264181554,43148.011140287985,-2.966916369302276,-0.1250868061276692,6.6738325488080195,0.700000000000007
106.60600538464698,89674.519106663,43147.95661098286,-3.009463945520708,-0.11273859514574093,6.7113427634505305,0.7000000000000088
106.96682155488385,89674.16171946659,43147.916197084785,-3.047766073999278,-0.10025160947433326,6.748871337257174,0.700000000000004
107.3301732529701,89673.80073250446,43147.88855368672,-3.08181755863095,-0.08790162333820795,6.786453912329486,0.700000000000002
107.6962612513693,89673.43639805475,43147.87233588153,-3.1116683019645066,-0.07587486149708532,6.824110191221347,0.700000000000001
108.06515765826303,89673.06896839554,43147.86619876215,-3.1374042599947143,-0.06428069021514973,6.861846316523148,0.700000000000002
108.43682478414999,89672.69869580508,43147.868797421506,3.124053893533649,-0.05316699739219728,6.899657154368182,0.7000000000000038
108.81113337882437,89672.32583256142,43147.878786952504,3.1062223067129926,-0.04253530766751535,6.937528441770034,0.41277909199342566
109.18788001705548,89671.95063094268,43147.89482244804,3.092175484998946,-0.032354059605296866,6.944444444444445,0.0635249099186857
109.56680356969942,89671.57334322704,43147.91555900106,3.081812075275041,-0.02256947142084966,6.944444444444445,0.0
109.94760080803213,89671.19422169261,43147.939651704466,3.0750449640563144,-0.013114038067617169,6.944444444444445,0.0
110.32994126173813,89670.81351861756,43147.96575565117,3.071804275322782,-0.003913024297882445,6.944444444444445,0.0
110.71345963623308,89670.4314958055,43147.99257911317,3.0715104396183928,0.0016480369939569084,6.944444444444445,0.0
111.09774300926931,89670.04848659734,43148.01922974013,3.0730293131074293,0.006257743337302078,6.944444444444445,0.0
111.48238011130557,89669.66485684771,43148.04499669978,3.0763199342396588,0.010860715688132468,6.944444444444445,0.0
111.86696641772369,89669.28097257459,43148.069170071314,3.081387904629103,0.015500502398040537,6.944444444444445,0.0
112.251107842323,89668.89719979593,43148.091039933985,3.088249840035293,0.02021950320092892,6.944444444444445,0.0
112.63442454149734,89668.51390452965,43148.10989636703,3.096933060289881,0.025059119036485535,6.944444444444445,0.0
113.0165548840754,89668.13145279369,43148.12502944964,3.1074752470806355,0.0300597483506877,6.944444444444445,0.0
113.39715964062492,89667.75021060606,43148.13572926106,3.119924030668243,0.03526057962272943,6.944444444444445,0.0
113.77592644438387,89667.37054398467,43148.141285880556,3.1343364544320274,0.04069911873212328,6.944444444444445,0.0
114.15257457330479,89666.99281894744,43148.140989387306,-3.1324070550040313,0.046410376892072114,6.944444444444445,0.0
114.52686009820971,89666.61740151233,43148.134129860555,-3.1138624497991354,0.0524256319979089,6.944444444444445,0.0
114.89858143475963,89666.24465769733,43148.119997379545,-3.0931352606108846,0.058770666418453556,6.944444444444445,0.0
115.2675853255986,89665.87495352037,43148.097882023496,-3.0701412053159793,0.06546338246280389,6.944444444444445,0.0
115.63377326214493,89665.50865499934,43148.06707387163,-3.044793944098223,0.07251071055201509,6.944444444444445,0.0
115.99710833137817,89665.14612815225,43148.02686300318,-3.0170082760488905,0.07990476514934955,6.944444444444445,0.0
116.3576224398638,89664.78773899705,43147.97653949738,-2.9867042191863713,0.08761828324416171,6.944444444444445,0.0
116.71542382364275,89664.43385355166,43147.91539343346,-2.9538120850449623,0.09559951427622923,6.944444444444445,0.0
117.07070469765662,89664.08483783403,43147.84271489063,-2.91827860536995,0.10376693027072427,6.944444444444445,0.0
117.42374883261621,89663.74105786213,43147.75779394815,-2.8800740741583493,0.1120043907877555,6.944444444444445,0.0
117.77493877344058,89663.40287965388,43147.65992068522,-2.8392003246926985,0.12015770581513927,6.944444444444445,0.0
118.12476233759068,89663.07066922724,43147.54838518108,-2.795699166420856,0.12803383021628537,6.944444444444445,0.0
118.4738179637287,89662.74479260016,43147.42247751498,-2.749660671727221,0.13540408811174984,6.944444444444445,0.0
118.82281843507754,89662.42561579059,43147.2814877661,-2.701230458797172,0.14201271694473663,6.944444444444445,-0.5703552870171742
119.17259249431797,89662.11350481646,43147.12470601371,-2.6506149183863053,0.14759148882138615,6.886814150684353,-0.8832089121325665
119.52407619996092,89661.80882498759,43146.951424458115,-2.5981808357662874,0.14897866264649098,6.85467682875575,0.03816168371859625
119.87797014042603,89661.51177234629,43146.76144229532,-2.5476882050788277,0.13738580116802054,6.89072172876921,0.7
120.23468789672226,89661.22215541462,43146.555719435375,-2.5009315520512523,0.1258797642456905,6.926864427874048,0.5186714537100808
120.59447641171451,89660.93972871726,43146.33537752309,-2.457851490911957,0.11472100470657588,6.944444444444445,0.16870281850004784
120.95743171925174,89660.66424677889,43146.101538203264,-2.4183374806635354,0.10408146015134323,6.944444444444445,0.0
121.32351475294358,89660.39546412416,43145.85532312066,-2.382245814807876,0.0940595810616096,6.944444444444445,0.0
121.69256660987791,89660.1331352778,43145.5978539201,-2.349414427412029,0.0846966063547699,6.944444444444445,0.0
122.06432287776475,89659.87701476445,43145.330252246364,-2.319674492144061,0.07599157965885499,6.944444444444445,0.0
122.4384268168541,89659.62685710884,43145.05363974424,-2.2928591419614968,0.06791389998662414,6.944444444444445,0.0
122.81444132140211,89659.38241683561,43144.769138058524,-2.2688097963936547,0.060413068613517286,6.944444444444445,0.0
123.19189503202419,89659.14346785148,43144.477844624795,-2.246960370123612,0.05730161173205233,6.944444444444445,0.0
123.57044152047054,89658.91010818473,43144.18045203239,-2.2252940573547537,0.057363791527099486,6.944444444444445,0.0
123.94975582279366,89658.68270405673,43143.877317882354,-2.2035088712150923,0.05764706950921376,6.944444444444445,0.0
124.32951782345152,89658.46162975914,43143.56878969537,-2.181539684482296,0.058149152412327425,6.944444444444445,0.0
124.70941347502023,89658.24725958373,43143.2552149922,-2.1593215206387244,0.058869724537588076,6.944444444444445,0.0
125.08913606128985,89658.03996782214,43142.936941293534,-2.136789165335185,0.059810297434275815,6.944444444444445,0.0
125.46838751801168,89657.84012876614,43142.6143161201,-2.1138768110205235,0.06097406571932285,6.944444444444445,0.0
125.84687982563756,89657.64811670737,43142.287686992604,-2.0905177368678913,0.062365759571639215,6.944444444444445,0.0
126.22433648854859,89657.46430593755,43141.95740143179,-2.066644028057847,0.06399148302064601,6.944444444444445,0.0
126.60049411545623,89657.2890707484,43141.623806958356,-2.0421863407468868,0.06585852531246228,6.944444444444445,0.0
126.97510411580241,89657.12278543162,43141.28725109302,-2.0170737217122263,0.06797513036050969,6.944444444444445,0.0
127.34793452700036,89656.96582427892,43140.948081356495,-1.9912334947697012,0.07035020658665513,6.944444444444445,0.0
127.71877198713183,89656.81856158198,43140.60664526952,-1.96459122964742,0.07299295641513574,6.944444444444445,0.0
128.08742386710674,89656.6813716325,43140.26329035278,-1.9370708130687895,0.07591240147724024,6.944444444444445,0.0
128.45372057512088,89656.55462872221,43139.91836412703,-1.9085946463072632,0.07911677655789205,6.944444444444445,0.0
128.8175180442933,89656.4387071428,43139.57221411296,-1.8790839982903078,0.0826127630276173,6.944444444444445,0.0
129.17870041136305,89656.33398118599,43139.2251878313,-1.8484595481932105,0.08640453182328323,6.944444444444445,0.0
129.5371828899576,89656.24082514345,43138.87763280276,-1.8166421559369537,0.09049256823072942,6.944444444444445,0.0
129.89291483586237,89656.15961330691,43138.52989654806,-1.7835539024090812,0.09487225750865656,6.944444444444445,0.0
130.24588299354062,89656.09071996808,43138.18232658793,-1.7491194425766188,0.09953222398043711,6.944444444444445,0.0
130.59611490251027,89656.03451941861,43137.83527044306,-1.7132677126124607,0.10445243918139058,6.944444444444445,0.0
130.94368242877317,89655.99138595027,43137.489075634185,-1.6759340249942267,0.10960214959597413,6.944444444444445,0.0
131.28870537015305,89655.96169385471,43137.14408968202,-1.6370625712300761,0.11493772344123826,6.944444444444445,0.0
131.63147875263272,89655.94577091273,43136.80063636959,-1.5972730348692803,0.11390270591582387,6.944444444444445,0.0
131.97278731015436,89655.94326268126,43136.458691294436,-1.5593390449611502,0.10777749783154224,6.944444444444445,0.0
132.31337835626073,89655.95329646878,43136.117965556485,-1.5237736905414476,0.10074744194491118,6.944444444444445,0.0
132.65390675029082,89655.9749866467,43135.77816365306,-1.4907670396205737,0.09301964698215107,6.944444444444445,0.0
132.99493834473353,89656.00744758644,43135.438990081435,-1.4604622437099972,0.08479326966130891,6.944444444444445,0.0
133.3369550286262,89656.0497936595,43135.10014933892,-1.4329592914757343,0.07624916637636552,6.944444444444445,0.0
133.68036102104438,89656.10113923727,43134.7613459228,-1.408320181104104,0.06754352830508693,6.944444444444445,0.0
134.02549007893427,89656.16059869119,43134.42228433035,-1.3865748088244263,0.058805110736258985,6.944444444444445,0.0
134.37261331702408,89656.22728639269,43134.08266905888,-1.3677269883910739,0.050135316197917265,6.944444444444445,0.0
134.7219473842159,89656.30031671323,43133.742204605674,-1.35176016434672,0.04161028140732762,6.944444444444445,0.0
135.07366279218294,89656.37880402422,43133.40059546804,-1.338642528957461,0.03328417706410177,6.944444444444445,0.0
135.4278922416188,89656.4618626971,43133.05754614325,-1.3283313794789902,0.025193078548581486,6.944444444444445,0.0
135.78473883572045,89656.54860710331,43132.712761128605,-1.3207766504647773,0.017358942021948865,6.944444444444445,0.0
136.14428410695322,89656.6381516143,43132.3659449214,-1.3159236245645698,0.009793384241706718,6.944444444444445,0.0
136.50659581126254,89656.7296106015,43132.016802018916,-1.313714868621415,0.0025010959335737834,6.944444444444445,0.0
136.87173546389155,89656.82209843634,43131.66503691848,-1.3140914657121743,-0.0045171874905894326,6.944444444444445,0.0
137.2397656035694,89656.91472949024,43131.31035411733,-1.316993624146631,-0.011262174698507115,6.944444444444445,-0.08271734722899916
137.61075677802503,89657.00661813463,43130.9524581128,-1.32236074667661,-0.01773395201446999,6.935636155153591,-0.8853214397938312
137.98479424459174,89657.09687874098,43130.59105340216,-1.3301310415078496,-0.02393033600153373,6.848804931056237,-1.6000000000000048
138.3619843761178,89657.18462568072,43130.22584448272,-1.3402407542500117,-0.02984562155762048,6.7601124667254515,-1.6
138.74246075547944,89657.26897332529,43129.85653585176,-1.3526230987336811,-0.035469711922443484,6.6694524624454425,-1.6
139.12638993267515,89657.3490360461,43129.48283200657,-1.367206965798947,-0.04078762956630267,6.576703032811601,-1.6
139.51397680776452,89657.42392821459,43129.104437444454,-1.3839154930370803,-0.04577941805292807,6.481723905066254,-1.5999999999999954
139.90546959186142,89657.49276420224,43128.7210566627,-1.4026645846209327,-0.050420451050817675,6.384353363685101,-1.5999999999999919
140.30116428814355,89657.55465838041,43128.3323941586,-1.4233614776734913,-0.05468216266447126,6.284404891817079,-1.5999999999999992
140.70140862662504,89657.6087251206,43127.93815442945,-1.4459034583541606,-0.058533200897621124,6.18166344612465,-1.6000000000000028
141.1066053815085,89657.6540787942,43127.538041972526,-1.4701768347497328,-0.06194098232510673,6.075881281388454,-1.5999999999999992
141.51705459962773,89657.68983658294,43127.131780574084,-1.4959691227670284,-0.06373335296939175,5.9668162237113584,-1.6
141.93125519405737,89657.71525989294,43126.72008393792,-1.5223049745133101,-0.06416666704059282,5.854695034360903,-1.5999999999999983
142.34720514461839,89657.72982067829,43126.30511091342,-1.5492558545921429,-0.06584924047985782,5.739896697988124,-1.6000000000000016
142.76293363203808,89657.73300756633,43125.88913478985,-1.5772200784618537,-0.06881428047231443,5.622818060708698,-1.6000000000000052
143.17651201385274,89657.72430918431,43125.47442885646,-1.6066169673385537,-0.07317045776991654,5.503874282905181,-1.6000000000000005
143.58606683221265,89657.70321415956,43125.06326640255,-1.637904384500391,-0.07910697308900796,5.383498556076087,-1.6000000000000014
143.9897957576748,89657.66921111933,43124.65792071735,-1.6715975986526674,-0.08690573003102917,5.262140642532694,-1.6000000000000005
144.38598762787242,89657.6217886909,43124.260665090136,-1.708290448614418,-0.09696055553970295,5.140263627204546,-1.6000000000000023
144.77304810848662,89657.56043550158,43123.87377281018,-1.7486795308661596,-0.10980317976581802,5.018338033572132,-1.5999999999999996
145.1495330117741,89657.48464017862,43123.49951716671,-1.793591594398113,-0.12613409072591245,4.896832131968242,-1.6000000000000005
145.51419197376254,89657.39389134933,43123.14017144903,-1.844013125193203,-0.14685193551707088,4.7761968395695,-1.6
145.86602599783188,89657.28767764101,43122.79800894638,-1.9011185402019324,-0.17306490720267745,4.656843069429307,-1.5999999999999974
146.20436319746779,89657.16548768093,43122.475302948034,-1.9662882965292985,-0.20604648967977315,4.539108759928196,-1.6
146.52895754057963,89657.02681009634,43122.174326743254,-2.0410987988150198,-0.24705969571636782,4.423212230551344,-1.6000000000000028
146.84011461645233,89656.87113351459,43121.89735362131,-2.127250557522832,-0.2969183580162274,4.30918829870619,-1.6000000000000059
147.13884462196756,89656.6979465629,43121.64665687143,-2.2263808644323193,-0.35511367303430086,4.196804471983128,-1.6000000000000036
147.427033059152,89656.50673786859,43121.42450978292,-2.339694400009857,-0.4184322410490317,4.085457719407631,-1.6000000000000003
147.70796241647938,89656.29707149864,43121.23295629259,-2.4639399457256785,-0.4432626686369146,3.973913792927545,-0.4552814299735208
147.98632320706668,89656.0692813267,43121.07169996433,-2.586679515926118,-0.4319796432040243,4.022647876765006,0.6999999999999991
148.26634209323407,89655.8241513067,43120.93907602368,-2.703181518479342,-0.40080338802948273,4.071083686326819,0.6999999999999987
148.55154043725804,89655.56247105435,43120.833402483644,-2.8103230864169686,-0.35678998732549083,4.119830101194698,0.6999999999999994
148.84467394378655,89655.2850301852,43120.752997357195,-2.9063207838157177,-0.3075449768410357,4.169338913047226,0.6999999999999982
149.1477559956126,89654.99261831502,43120.69617865734,-2.990611085990839,-0.25896564482080997,4.219917279332181,0.699999999999996
149.46213462914685,89654.68602505933,43120.66126439704,-3.0635096130515107,-0.21455632694642254,4.271748111880456,0.7
149.78859282043723,89654.36604003384,43120.646572589285,-3.125843450500492,-0.17580708960517258,4.324913108856729,0.7000000000000037
150.12745065884596,89654.03345285414,43120.650421247075,3.1045237022085415,-0.14290591107265324,4.379414843667245,0.699999999999997
150.47865789230212,89653.68905313588,43120.67112838338,3.060138361034614,-0.11536037561416641,4.435196106123339,0.6999999999999961
150.8418725234502,89653.33363049472,43120.7070120112,3.0231732297412353,-0.09240869671059049,4.492155939343484,0.700000000000002
151.216525231316,89652.96797454629,43120.75639014351,2.992733555892417,-0.0732469928579659,4.55016249977856,0.7000000000000028
151.60187125825829,89652.59287490624,43120.8175807933,2.9680567354583025,-0.05713528199632576,4.60906315991767,0.7000000000000018
151.99703198578692,89652.20912119016,43120.88890197354,2.948509228783147,-0.04343503032631204,4.668692346969368,0.7
152.401028387561,89651.81750301375,43120.96867169727,2.933575720382518,-0.031612590909811084,4.728877582802718,0.7000000000000004
152.81280827165986,89651.41880999263,43121.05520797741,2.922845848192738,-0.02122796009121592,4.7894441254567806,0.7000000000000043
153.23126889489473,89651.01383174243,43121.14682882698,2.916001201562883,-0.011918802816528476,4.850218541818634,0.7000000000000013
153.6552762303801,89650.60335787879,43121.241852258965,2.912803797457312,-0.0033843634460723397,4.9110314775086525,0.6999999999999992
154.0836819231287,89650.18817801731,43121.33859628633,2.913086447029162,0.004628880629557416,4.971719837533973,0.7
154.51533878028278,89649.76908177367,43121.435378922084,2.9167450203596146,0.01233927888988339,5.032128549922443,0.6999999999999984
154.94911550655888,89649.34685876354,43121.5305181792,2.923732421531362,0.019939787292424443,5.092112052943365,0.6999999999999975
155.3839113026259,89648.92229860253,43121.622332070685,2.9340539909934975,0.027605633653841388,5.1515356229210845,0.7000000000000008
155.818670885303,89648.49619090625,43121.70913860949,2.947763994215802,0.0354999946600199,5.210276642364861,0.6999999999999992
156.25240045473433,89648.06932529037,43121.789255808624,2.964962796794249,0.043777658041867,5.2682258956100885,0.6999999999999996
156.68418511577428,89647.64249137053,43121.86100168108,2.98579424141335,0.05258641401733826,5.325288969871274,0.700000000000005
157.11320824769467,89647.21647876233,43121.92269423981,3.010442613324284,0.062065625898553266,5.381387831899984,0.7000000000000016
157.53877329341694,89646.79207708145,43121.97265149783,3.0391283957471353,0.07234108458236692,5.436462642319211,0.6999999999999962
157.96059566700825,89646.37002242684,43122.00946816874,3.069735568080482,0.06965443980948297,5.4905079350056685,0.6999999999999966
158.3789186906692,89645.95067804276,43122.03366675947,3.097744955958943,0.06364065877267922,5.543584545894969,0.7000000000000008
158.79389483354828,89645.53424853418,43122.04659000008,3.1229540016230497,0.057313885991155944,5.595739112710335,0.7000000000000026
159.2055808054689,89645.12093792239,43122.04958363815,-3.1378942420825777,0.050718756909006846,5.647004212695891,0.7000000000000047
159.61394800855555,89644.71095022859,43122.04399342128,-3.118489914258371,0.043880336985716514,5.697400342483091,0.700000000000004
160.01889345407588,89644.30448947413,43122.03116509705,-3.1020738476913,0.03680408584218996,5.746937818199784,0.7000000000000026
160.4202510188028,89643.90175968023,43122.01244441304,-3.0887017171481728,0.029476343119481087,5.7956185931160595,0.7000000000000035
160.8178029810499,89643.50296486822,43121.98917711685,-3.078434345236793,0.021865071876694946,5.843437996934557,0.7000000000000018
161.21129183853694,89643.10830905936,43121.96270895606,-3.0713422739032414,0.013920694013462019,5.890386407061967,0.700000000000001
161.60043246725675,89642.71799627492,43121.93438567825,-3.0675098818991176,0.0055769636263219395,5.9364508677077525,0.7000000000000027
161.98492473224172,89642.33223053625,43121.90555303103,-3.0670390164189927,-0.0032480523943715076,5.9816166774281925,0.7000000000000037
162.36446670746605,89641.95121586451,43121.87755676196,-3.0700520737440686,-0.012650674948979456,6.025868969783624,0.700000000000001
162.73876870253406,89641.57515628105,43121.85174261866,-3.0766943991801203,-0.02273960955774896,6.069194315071512,0.7
163.10756832656412,89641.20425580716,43121.829456348685,-3.0871357764148515,-0.03363263606282169,6.111582373472393,0.6999999999999942
163.47064684097995,89640.8387184641,43121.81204369964,-3.101570635214311,-0.045451114885110555,6.153027631005781,0.6999999999999921
163.82784705580525,89640.47874827315,43121.80085041911,-3.120216419990197,-0.058311113379103635,6.193531248704249,0.699999999999996
164.1790929971299,89640.1245492556,43121.79722225469,3.1398759748195304,-0.0723096350964782,6.233103051172068,0.6999999999999929
164.52441149962456,89639.7763254327,43121.80250495395,3.1120889010012855,-0.08750423669068982,6.271763671410383,0.2390055169656938
164.86395573400404,89639.43428082576,43121.81804426449,3.079362664893993,-0.10388449348630802,6.2593087151445745,-0.9093516675162356
165.19803043687,89639.09861945607,43121.84518593389,3.041473484154918,-0.12133475427783312,6.173322164144177,-1.6000000000000043
165.52711824142818,89638.7695453449,43121.885275709756,2.9982454896271764,-0.13959000306073585,6.08743177109424,-1.6
165.8519059968463,89638.44726251351,43121.93965933965,2.9495853765627187,-0.15819098667618128,6.001458551917987,-1.5999999999999923
166.17330933048132,89638.13197498319,43122.00968257117,2.895523884073154,-0.17645106750909584,5.915151230759661,-1.6000000000000012
166.49249303366457,89637.82388677524,43122.09669115192,2.836260399798191,-0.1934539829650306,5.82817520606331,-1.6000000000000056
166.810884310897,89637.5232019109,43122.20203082947,2.772203643711629,-0.20810481660077929,5.740102276565057,-1.600000000000005
167.13017578398836,89637.23012441148,43122.32704735139,2.703998223339916,-0.21924987991796702,5.650401882303149,-1.524828734105635
167.4523156685978,89636.94485829824,43122.47308646531,2.6325256254963656,-0.22586016104940224,5.567102317639778,-0.36689972485513217
167.77944441844514,89636.66760567912,43122.641484897445,2.55917880522066,-0.2199506799022015,5.608084206291526,0.7000000000000016
168.11289290865318,89636.39834972753,43122.83254712831,2.4913050654813014,-0.19145555192918698,5.649551871710509,0.6999999999999984
168.4532644661766,89636.13665501984,43123.04460401039,2.4313679629096123,-0.16486018833289043,5.6915688989663025,0.6999999999999968
168.80076868081107,89635.88203894757,43123.27576392622,2.378898323063189,-0.14077994928300536,5.73414879752599,0.699999999999997
169.1552840739982,89635.63401890222,43123.524135258296,2.3333275126475055,-0.11937160583137185,5.7772644030397915,0.700000000000005
169.51641526999398,89635.39211227528,43123.78782638918,2.2940658837944348,-0.10051248442161516,5.820856264934296,0.7000000000000117
169.8835429932669,89635.15583645826,43124.064945701386,2.2605520781139936,-0.08393215956542953,5.864839850294885,0.6999999999999991
170.25586672344994,89634.92470884272,43124.35360157743,2.232280971235598,-0.06929715981296224,5.90911158228233,0.6999999999999943
170.63244064009973,89634.69824682012,43124.65190239985,2.20881753478928,-0.05625940107137797,5.9535538273516,0.7000000000000018
171.0122038364285,89634.47596778197,43124.95795655118,2.189802266034488,-0.04447999347471455,5.998038983704022,0.7000000000000028
171.3940058724858,89634.25738911983,43125.26987241394,2.174952155130868,-0.033637593619610065,6.042432829623626,0.6999999999999944
171.7766287060269,89634.04202822516,43125.58575837065,2.16405981991989,-0.02342749068227288,6.086597281525281,0.6999999999999954
172.15880596303114,89633.82940248949,43125.90372280386,2.156992499497058,-0.013555158508681976,6.130392697639921,0.7
172.53924043443564,89633.61902930433,43126.22187409606,2.1536919973921473,-0.0037262514881817818,6.173679849752752,0.6999999999999963
172.91662063598295,89633.41042606118,43126.5383206298,2.154176312460507,0.006366153064269613,6.216321675187778,0.6999999999999981
173.28963725891882,89633.20311015153,43126.85117078758,2.1585435087508587,0.01705702888228867,6.258184915893713,0.7
173.65762663147052,89632.996624764,43127.15875673202,2.16551362623717,0.018849682221733097,6.2992113445329,0.6999999999999961
174.02115102271333,89632.79069298775,43127.46097119983,2.1723318959124214,0.018411706016753408,6.3394792933514585,0.7
174.38080138805944,89632.58511451971,43127.758371471435,2.178886035819858,0.017818284645259315,6.379067974423573,0.700000000000003
174.7371661632099,89632.37968933971,43128.0515172824,2.18513517906575,0.017070594966157156,6.41805413716082,0.700000000000003
175.0908312219664,89632.17421742766,43128.34096836835,2.1910399457284795,0.016173397569052807,6.456512215568574,0.7000000000000031
175.4423798748589,89631.96849876342,43128.62728446485,2.1965631504996423,0.015135075265536724,6.494514462516478,0.6999999999999919
175.79239291053213,89631.76233332693,43128.911025307505,2.2016704853360958,0.013967514240562442,6.532131072917799,0.6999999999999889
176.1414486804406,89631.555521098,43129.192750631904,2.206331152925765,0.012685826896527742,6.569430297343147,0.699999999999996
176.49012322592264,89631.34786205659,43129.47302017367,2.2105184281793275,0.011307926553798102,6.60647854725382,0.699999999999995
176.83899044524304,89631.13915618257,43129.75239366838,2.214210127703754,0.0098539748046873,6.643340492732063,0.6999999999999938
177.18862229679388,89630.92920345583,43130.031430851624,2.217388971118659,0.008345731362025658,6.6800791533143276,0.699999999999998
177.53958903341064,89630.71780385623,43130.310691459,2.2200428228707687,0.0068058427863474154,6.716755982303371,0.700000000000001
177.89245946175876,89630.50475736364,43130.5907352261,2.2221648085441825,0.005257109907206004,6.753430944749158,0.7000000000000031
178.24780122003222,89630.28986395802,43130.87212188854,2.2237533051791347,0.0037217738388191563,6.790162589148977,0.700000000000003
178.60618106680752,89630.07292361921,43131.15541118189,2.2248118104276706,0.002220857380536874,6.827008112823931,0.700000000000004
178.9681651738237,89629.85373632709,43131.441162841744,2.2253487001573937,0.0007735927834389196,6.8640234208798,0.7000000000000078
179.3343194156971,89629.63210206159,43131.729936603726,2.2253768880959344,-0.0006030408974990781,6.901263178651369,0.700000000000001
179.70520965009473,89629.40782080256,43132.022292203415,2.224913404104384,-0.0018946564789617255,6.93878085755458,0.4001399627203456
180.08140198263376,89629.18069252987,43132.31878937639,2.2239789095836007,-0.003089667973865144,6.944444444444445,0.05184866747186993
180.46346301168887,89628.95051722346,43132.61998785827,2.222597169347202,-0.0041793735669622125,6.944444444444445,0.0
180.85196004930916,89628.71709486318,43132.926447384634,2.2207944991106356,-0.005157922366124427,6.944444444444445,0.0
181.24746131551203,89628.48022542894,43133.238727691096,2.2185992066793396,-0.006022180503375378,6.944444444444445,0.0
181.65053610427356,89628.2397089006,43133.55738851323,2.216041043144469,-0.006771515746228099,6.944444444444445,0.0
182.06134305273258,89627.99540631889,43133.882864778294,2.2133407489936543,-0.006500310207098513,6.944444444444445,0.0
182.47961992723748,89627.74742715986,43134.215083611336,2.2106975361424923,-0.00625750548622621,6.944444444444445,0.0
182.90510446297372,89627.49594407443,43134.553843008,2.208103498630719,-0.006044644601275985,6.944444444444445,0.0
183.3375343912724,89627.2411297135,43134.89894096389,2.205551440646219,-0.0058583099546418126,6.944444444444445,0.0
183.77664745235603,89626.983156728,43135.250175474655,2.2030347812505275,-0.005695612364426863,6.944444444444445,0.0
184.22218140714318,89626.72219776886,43135.60734453591,2.2005474678056296,-0.005554102225279331,6.944444444444445,0.0
184.67387404830018,89626.45842548698,43135.97024614328,2.198083901828763,-0.005431697829418058,6.944444444444445,0.0
185.1314632106991,89626.19201253325,43136.338678292384,2.1956388751174014,-0.005326627236682881,6.944444444444445,0.0
185.59468678141963,89625.92313155867,43136.71243897886,2.193207514392527,-0.005237380913403728,6.944444444444445,0.0
186.06328270941347,89625.65195521407,43137.09132619832,2.190785233029155,-0.005162672985562782,6.944444444444445,0.0
186.53698901493658,89625.37865615041,43137.475137946385,2.1883676886981345,-0.005101409426342943,6.944444444444445,0.0
187.01554379884212,89625.10340701854,43137.86367221867,2.1859507459469603,-0.005052661860756338,6.944444444444445,0.0
187.498685251819,89624.82638046949,43138.25672701084,2.183530442910832,-0.005015645948977096,6.944444444444445,0.0
187.98615166365354,89624.54774915408,43138.65410031848,2.181102961476872,-0.004989703526011127,6.944444444444445,0.0
188.47768143258668,89624.26768572327,43139.05559013723,2.1786646003308925,-0.0049742878437206445,6.944444444444445,0.0
188.9730130748356,89623.98636282797,43139.460994462715,2.1762117504023766,-0.004968951393347194,6.944444444444445,0.0
189.47188523434613,89623.70395311911,43139.87011129055,2.1737408722933633,-0.004973335891045877,6.944444444444445,0.0
189.97403669284085,89623.42062924754,43140.28273861635,2.171248475333813,-0.004987164091959377,6.944444444444445,0.0
190.47920638022765,89623.13656386425,43140.69867443577,2.1687310979521723,-0.005010233164881716,6.944444444444445,0.0
190.98713338543425,89622.85192962013,43141.11771674441,2.166185289087151,-0.005042409413299134,6.944444444444445,0.0
191.49755696773536,89622.5668991661,43141.5396635379,2.1636075903967122,-0.005083624172405824,6.944444444444445,0.0
192.01021656864202,89622.28164515308,43141.96431281186,2.1609945190440927,-0.00513387074778951,6.944444444444445,0.0
192.52485182442535,89621.99634023196,43142.39146256192,2.158342550859277,-0.005193202291600706,6.944444444444445,0.0
193.04120257935168,89621.71115705368,43142.8209107837,2.1556481036884576,-0.005261730537530076,6.944444444444445,0.0
193.5590088997105,89621.42626826916,43143.25245547284,2.152907520754202,-0.0053396253379181646,6.944444444444445,0.0
194.078011088723,89621.1418465293,43143.685894624934,2.1501170538557064,-0.00542711496570392,6.944444444444445,0.0
194.5979497024259,89620.85806448503,43144.12102623563,2.1472728462420094,-0.005524487161422343,6.944444444444445,0.0
195.11856556663318,89620.57509478724,43144.557648300535,2.1443709149915233,-0.005632090921716656,6.944444444444445,0.0
195.6395997950882,89620.29311008686,43144.995558815295,2.1414071327288795,-0.005750339041387295,6.944444444444445,0.0
196.1607938089286,89620.01228303484,43145.43455577551,2.138377208504932,-0.005879711436357881,6.944444444444445,0.0
196.68188935759932,89619.73278628204,43145.87443717682,2.1352766676577586,-0.006020759290569625,6.944444444444445,0.0
197.20262854136283,89619.45479247943,43146.31500101484,2.132100830461583,-0.006174110086183996,6.944444444444445,0.0
197.72275383557113,89619.17847427787,43146.7560452852,2.128844789356553,-0.0063404735940551914,6.944444444444445,0.0
198.24200811688252,89618.90400432833,43147.197367983514,2.12550338453497,-0.006520648920736906,6.944444444444445,0.0
198.76013469162683,89618.63155528168,43147.63876710542,2.1220711776386154,-0.0067155327298683955,6.944444444444445,0.0
199.2768773265456,89618.36129978887,43148.08004064654,2.1185424232968146,-0.006926128780275755,6.944444444444445,0.0
199.79198028216103,89618.09341050078,43148.52098660249,2.1149110382053378,-0.007153558951250263,6.944444444444445,0.0
200.30518834905774,89617.82806006838,43148.9614029689,2.1111705674115604,-0.00739907595808131,6.944444444444445,0.0
200.81624688739592,89617.56542114251,43149.401087741375,2.1073141474307446,-0.007664077999038416,6.944444444444445,0.0
201.3249018700149,89617.30566637417,43149.83983891557,2.1033344657710003,-0.007950125619825636,6.944444444444445,0.0
201.83089992953174,89617.04896841424,43150.2774544871,2.0992237163893654,-0.008258961134538834,6.944444444444445,0.0
202.33398840989136,89616.79549991361,43150.71373245158,2.0949735505372775,-0.008592531005112501,6.944444444444445,0.0
202.83391542288646,89616.54543352325,43151.14847080463,2.0905750223789994,-0.008953011656313875,6.944444444444445,0.0
203.33042991023427,89616.29894189403,43151.58146754188,2.086018528679521,-0.009342839293174561,6.944444444444445,0.0
203.8232817118784,89616.05619767685,43152.01252065896,2.0812937417570083,-0.009764744395588394,6.944444444444445,0.0
204.31222164127743,89615.81737352269,43152.441428151484,2.076389534776444,-0.010221791694650234,6.944444444444445,0.0
204.79700156855094,89615.58264208243,43152.867988015096,2.0712938983227835,-0.010717426592088223,6.944444444444445,0.0
205.27737451247953,89615.35217600699,43153.29199824539,2.065993847030107,-0.011255529173946073,6.944444444444445,0.0
205.75309474250383,89615.12614794725,43153.713256838004,2.0604753148536625,-0.011840477200045847,6.944444444444445,0.0
206.2239178920397,89614.90473055422,43154.13156178859,2.0547230373493846,-0.012477219731048973,6.944444444444445,0.0
206.68960108463,89614.68809647871,43154.54671109271,2.0487204190643142,-0.013171363396745593,6.944444444444445,0.0
207.14990307469157,89614.4764183717,43154.95850274604,2.042449383834328,-0.013929273726934406,6.944444444444445,0.0
207.60458440489742,89614.26986888409,43155.36673474419,2.035890205424202,-0.014758194477797165,6.944444444444445,-0.5834747597116251
208.05340758256693,89614.0686206668,43155.77120508278,2.029021315519285,-0.015666388514203922,6.868112148961562,-1.3858287327235081
208.4961372778314,89613.87284637072,43156.17171175742,2.0218190855762472,-0.016663304579371013,6.76418727312211,-1.6000000000000048
208.9325405468117,89613.68271864683,43156.56805276377,2.0142575784486807,-0.017759775231647998,6.6601605840347515,-1.6000000000000016
209.36238708360528,89613.49841014596,43156.96002609742,2.006308265005885,-0.018968252395577846,6.556083441155297,-1.5999999999999983
209.78544950554863,89613.32009351911,43157.34742975401,1.9979397001416872,-0.0203030884115671,6.452009790535968,-1.6000000000000076
210.2015036770266,89613.14794141712,43157.730061729155,1.989117151604202,-0.02178087223680627,6.347996297135218,-1.600000000000006
210.61032907806612,89612.98212649094,43158.10772001849,1.9798021739445484,-0.023420832622297008,6.244102473944195,-1.5999999999999939
211.01170922511955,89612.8228213915,43158.480202617626,1.969952118559374,-0.025245322751313647,6.140390804708202,-1.5999999999999919
211.40543215285527,89612.67019876969,43158.8473075222,1.9595195692659435,-0.027280404067426923,6.036926856090831,-1.6
211.79129096748596,89612.52443127646,43159.20883272785,1.9484516910808205,-0.02955655094351964,5.933779373971745,-1.5999999999999972
212.16908448424903,89612.3856915627,43159.56457623016,1.9366894778649744,-0.03210950253680264,5.83102035713568,-1.600000000000001
212.5386179641919,89612.25415227933,43159.914336024776,1.924166882259451,-0.03498129369544023,5.728725099837965,-1.6000000000000092
212.89970396851535,89612.12998607727,43160.25791010733,1.9108098089115513,-0.03822150310772746,5.626972192545335,-1.600000000000001
213.25216335251602,89612.0133656074,43160.595096473415,1.8965349494862793,-0.041888763831444714,5.52584346746054,-1.5999999999999994
213.5958264258046,89611.90446352072,43160.92569311869,1.881248435576219,-0.04605258842130767,5.425423872136891,-1.6000000000000032
213.93053431114168,89611.80345246806,43161.249498038764,1.8648442837326993,-0.05079556704954468,5.325801250448067,-1.600000000000001
214.25614054115158,89611.71050510037,43161.56630922927,1.8472026060717008,-0.05621600029174824,5.227066005250223,-1.6000000000000034
214.57251294059128,89611.62579406862,43161.875924685824,1.8281875613039231,-0.062431024991073926,5.1293106110895135,-1.6000000000000028
214.8795358520347,89611.54949202364,43162.17814240404,1.8076450262914832,-0.06958027544118907,5.0326289380816185,-1.5999999999999959
215.17711277503813,89611.48177161637,43162.47276037956,1.7853999800315428,-0.07783008217599358,4.93711533942702,-1.6
215.46516950327387,89611.42280549774,43162.759576608005,1.7612536145027937,-0.08737812888204498,4.842863444745391,-1.6000000000000025
215.74365786077675,89611.37276631864,43163.03838908498,1.7349802264989767,-0.09845833520897097,4.749964589388218,-1.6000000000000012
216.01256015700616,89611.33182673005,43163.308995806125,1.7063240110021995,-0.11134546395800939,4.6585057961226,-1.5999999999999988
216.2718944998725,89611.30015938282,43163.57119476707,1.6749959837061943,-0.12635849708715005,4.568567210333627,-1.5999999999999936
216.5217211239867,89611.27793692789,43163.82478396343,1.6406714272105678,-0.14386109087276908,4.480218873913429,-1.5999999999999956
216.76214990391017,89611.2653320162,43164.06956139083,1.6029885069119438,-0.16425628823170293,4.393516707879354,-1.5999999999999985
216.9933492215801,89611.26251729863,43164.3053250449,1.5615490665313176,-0.18797102426564694,4.3084975624771165,-1.599999999999996
217.21555633089736,89611.26966542608,43164.531872921245,1.5159231117997216,-0.21542379389324287,4.225173191249803,-1.6
217.42908929137081,89611.28694904952,43164.7490030155,1.4656591196351536,-0.2469664437728348,4.14352302063606,-1.6000000000000059
217.63436039913034,89611.31454081982,43164.956513323305,1.4103029951378492,-0.2827893857449314,4.063485631537349,-1.5999999999999979
217.83189079271574,89611.35261338792,43165.15420184026,1.3494290229577997,-0.3227808791968711,3.98494896055611,-1.5999999999999972
218.02232551791795,89611.40133940475,43165.341866562005,1.2826860648556158,-0.36633950533530113,3.9077393845534467,-1.6000000000000014
218.20644778466132,89611.4608915212,43165.51930548415,1.2098607699750816,-0.412160054762897,3.8316100850701598,-1.600000000000001
218.385190478581,89611.53144238822,43165.68631660235,1.1309557025931536,-0.45805023484712615,3.7562293890906613,-1.600000000000003
218.55964234414952,89611.61316465666,43165.84269791218,1.0462733772014685,-0.500881861182228,3.6811700930069926,-1.600000000000004
218.7310459187565,89611.70623097749,43165.988247409296,0.956487995438855,-0.5368069525029326,3.605900971311714,-1.6000000000000005
218.90078465400202,89611.81081400161,43166.122763089326,0.8626787968166101,-0.5618267070794534,3.5297815601140403,-1.1475175576564882
219.07035802248598,89611.92708637993,43166.24604294787,0.7662988151877379,-0.5726538814257565,3.496253512232331,-0.18609791084601407
219.24134571670996,89612.05522076339,43166.35788498056,0.6690663541267545,-0.5676012037276437,3.5117805252535668,0.5107733001221239
219.41536466331556,89612.19538980289,43166.45808718305,0.5727924901115212,-0.5471095517146266,3.5462979264012855,0.699999999999997
219.59402445255918,89612.34776614932,43166.54644755092,0.47918453516432785,-0.513645211037117,3.581389770429788,0.6999999999999971
219.7788870534111,89612.51252245365,43166.62276407982,0.3896763330280164,-0.4710104418719455,3.617341610759455,0.7
219.97143525578906,89612.68983136676,43166.68683476537,0.30532408010810014,-0.42339722290986714,3.6544121021391334,0.6999999999999982
220.173051884247,89612.87986553955,43166.73845760318,0.22677931953257574,-0.37456845783899984,3.6928296863113084,0.699999999999997
220.3850094890082,89613.082797623,43166.7774305889,0.15432525029753216,-0.3273879306976301,3.7327914137770635,0.6999999999999972
220.60846865549453,89613.29880026798,43166.80355171814,0.08794981881450223,-0.2837073711722176,3.774463481324017,0.6999999999999954
220.8444824516571,89613.5280461254,43166.816618986515,0.027429815725828526,-0.24449215582849915,3.8179829604748354,0.7
221.09370857250372,89613.77063163427,43166.81646412562,-0.0271045362053534,-0.20564739533282433,3.863406586894715,0.7000000000000035
221.35603560335375,89614.02605494527,43166.803183705306,-0.07543336213962089,-0.17378171223309624,3.910648066350578,0.699999999999999
221.6312104577868,89614.29353170417,43166.77699934901,-0.11861068877328203,-0.1486923973058301,3.9595975925664213,0.6999999999999987
221.91888872833073,89614.57227588611,43166.73813341967,-0.15753646668806828,-0.12881464461041858,4.010132500780902,0.699999999999997
222.21865559629208,89614.86150146625,43166.68680828027,-0.19294603411982,-0.11296079415739811,4.062122141069269,0.6999999999999965
222.53004170880715,89615.16042241977,43166.623246293784,-0.22544170200943217,-0.10023477281286197,4.115431550455708,0.7000000000000028
222.85253534602717,89615.46825272174,43166.54766982314,-0.2555193252964074,-0.08996067748859751,4.169924212572011,0.6999999999999995
223.18559184969376,89615.7842063473,43166.46030123135,-0.28358991559520713,-0.08162713903601526,4.2254641216945075,0.699999999999999
223.52864102266741,89616.10749727167,43166.361362881355,-0.30999692428665704,-0.07484541013354291,4.281917314228598,0.7000000000000046
223.881093018418,89616.43733946986,43166.25107713612,-0.33502995817371917,-0.06931830087280741,4.339152991073427,0.7000000000000045
224.24234310207206,89616.7729469171,43166.129666358596,-0.3589356426391744,-0.06481731090871526,4.397044325118539,0.7000000000000038
224.6117755658163,89617.1135335885,43165.997352911785,-0.38192624002848913,-0.061165818500247646,4.455469026522245,0.7000000000000033
224.98876701037534,89617.45831345921,43165.85435915862,-0.40418651576697434,-0.058226699475858436,4.51430972228111,0.7
225.37268915301365,89617.80650050438,43165.700907462095,-0.4258792414807138,-0.05589317519491939,4.5734541944109806,0.7000000000000005
225.76291128542337,89618.15730869911,43165.537220185135,-0.4471496387762763,-0.05408201600735391,4.632795511756266,0.7000000000000027
226.15880247797315,89618.50995201858,43165.36351969075,-0.4681289990508319,-0.052728468874522955,4.692232083275368,0.6999999999999977
226.55973360729988,89618.86364443786,43165.18002834186,-0.48893766134717137,-0.05178245338653062,4.7516676550844865,0.6999999999999938
226.96507927014287,89619.21759993219,43164.98696850147,-0.5096874889853179,-0.05120569642496038,4.811011269198637,0.6999999999999938
227.3742196362485,89619.57103247663,43164.78456253253,-0.5304839538525623,-0.05096956572700109,4.870177198511794,0.6999999999999944
227.78654228611273,89619.92315604632,43164.573032798,-0.551427912589071,-0.0510534267354473,4.929084869903752,0.6999999999999962
228.20144407456803,89620.27318461644,43164.35260166084,-0.5726171396668693,-0.05144339268772743,4.987658785297116,0.7000000000000013
228.6183330582461,89620.6203321621,43164.12349148403,-0.5941476670953233,-0.052131370084900625,5.045828448897247,0.7000000000000038
229.03663052338,89620.96381265846,43163.88592463053,-0.616114968057959,-0.05311432409482281,5.103528307640537,0.6999999999999987
229.45577314996655,89621.30284008064,43163.6401234633,-0.6386150112742278,-0.05439370355052221,5.1606977109795364,0.6999999999999962
229.8752153487616,89621.63662840378,43163.38631034531,-0.66174520352016,-0.055974974652872815,5.21728089548785,0.7000000000000008
230.29443180873054,89621.96439160302,43163.12470763952,-0.6856052288713704,-0.05786721733205299,5.273226999322048,0.7000000000000008
230.71292029422042,89622.2853436535,43162.855537708914,-0.7102977842509893,-0.060082739098513076,5.328490111285265,0.7000000000000013
231.13020473303592,89622.59869853035,43162.579022916434,-0.7359292012106211,-0.06263665846747744,5.383029359051143,0.6999999999999996
231.54583863850127,89622.90367020873,43162.29538562505,-0.7626099330076243,-0.06554640385913414,5.436809040977808,0.6999999999999978
231.95940891009712,89623.19947266375,43162.00484819774,-0.7904548734658808,-0.06883106443981646,5.489798805811761,0.7000000000000013
232.3705400578616,89623.48531987057,43161.70763299746,-0.8195834593970966,-0.07251051705775823,5.541973884381133,0.7000000000000004
232.77889889473852,89623.7604258043,43161.403962387165,-0.8501194912567522,-0.07660423912436971,5.5933153770183734,0.6999999999999995
233.18419973750892,89624.02400444013,43161.09405872984,-0.8821905872693392,-0.081129702830225,5.643810599822495,0.6999999999999987
233.58621014962742,89624.27526975315,43160.77814438843,-0.9159271650932156,-0.08610023486187918,5.693453491830301,0.6999999999999955
233.98475724665147,89624.51343571852,43160.45644172591,-0.9514608237228471,-0.09152222355232308,5.742245083542526,0.6999999999999955
234.3797345651186,89624.73771631139,43160.12917310526,-0.988921979639765,-0.0973915711139302,5.7901940248425445,0.7
234.77110946655543,89624.94732550686,43159.79656088943,-1.02843660005984,-0.10368933506342255,5.837317166929844,0.7000000000000027
235.15893100759402,89625.14147728009,43159.45882744137,-1.0701218798180563,-0.11037659656322951,5.883640188249778,0.7
235.54357170607062,89625.31970863939,43159.116275742264,-1.1112798314551093,-0.10112398608205728,5.929225821526376,0.7
235.9256367672842,89625.48327039227,43158.76963647973,-1.147808813001293,-0.08933005999059698,5.974161859905885,0.6999999999999963
236.305524162403,89625.63397951165,43158.41978163724,-1.1794873712964835,-0.07688048146509519,6.018509141101346,0.6999999999999963
236.68344723962375,89625.773653327,43158.06758328722,-1.206185605230419,-0.06397092527880592,6.062305220757983,0.7000000000000037
237.0594626217813,89625.90410916772,43157.71391350207,-1.227814827501034,-0.05071992522883952,6.105568452212299,0.700000000000001
237.4334994605565,89626.02716436333,43157.35964435423,-1.244308038478719,-0.03717497216700634,6.148302017543979,0.700000000000001
237.8053894667722,89626.14463624328,43157.005647916136,-1.2556030209699747,-0.023322681929866446,6.190497856201659,0.700000000000002
238.17489746896862,89626.25834213699,43156.65279626021,-1.2616286526210605,-0.009100924719598223,6.2321404758487535,0.7000000000000058
238.54175252619814,89626.37009937396,43156.30196145888,-1.262294725163458,0.005587953076785287,6.273210660485877,0.700000000000002
238.90567982559713,89626.48172528362,43155.95401558455,-1.2574854988639173,0.020862564874533005,6.313689112554739,0.6999999999999951
239.26643372524057,89626.59503719545,43155.60983070967,-1.247057363050287,0.036845405920695365,6.353560078372838,0.700000000000004
239.62383234932435,89626.71185243891,43155.27027890668,-1.2308412667089168,0.0536414040179742,6.392815009306178,0.700000000000006
239.97779408807145,89626.83398834341,43154.936232247965,-1.2086509609557283,0.07130991021982197,6.431456303004499,0.7000000000000041
240.32837616885936,89626.96326223848,43154.608562805995,-1.1802984565932653,0.08982826540579723,6.469501146963294,0.7000000000000041
240.6758151067422,89627.10149145353,43154.28814265315,-1.1456182733153404,0.10904661832227223,6.506985446702285,0.6373191933041927
241.02056826870248,89627.25049331803,43153.9758438619,-1.1045017640639485,0.1286371929560925,6.537334297091321,-0.5098157813780847
241.36335497431568,89627.41208516143,43153.672538504645,-1.0569416500095874,0.14804732036826215,6.452892549389321,-1.6000000000000032
241.70519454506478,89627.58808431323,43153.37909865383,-1.003084493601845,0.1664737981780098,6.3675690516528425,-1.600000000000001
242.04743149236305,89627.78030528258,43153.096394778535,-0.9434474559697961,0.17743630067659993,6.280985384174417,-0.4471909299982803
242.39134447721878,89627.98970764327,43152.82481131274,-0.8854412380135954,0.16063242562721658,6.319197383767236,0.699999999999998
242.73784098024416,89628.21519844889,43152.56356582232,-0.8330148878710922,0.14313715610100156,6.357464170504322,0.699999999999996
243.0875436447976,89628.4553830671,43152.311704363136,-0.7862489859303096,0.12566514543623145,6.395852907128259,0.699999999999992
243.4408203370597,89628.7088668656,43152.068272991084,-0.7450873047024682,0.10870521667684128,6.434401431274549,0.699999999999996
243.79781649802354,89628.97425521206,43151.83231776208,-0.7093832625394924,0.09254574600267551,6.473122616182805,0.700000000000008
244.15848757507854,89629.25015347415,43151.602884732005,-0.6789394904972222,0.07731595998419187,6.512008592747274,0.7000000000000098
244.52263014506642,89629.53516701958,43151.37901995676,-0.6535388777446172,0.06302895330521147,6.551034690031596,0.7000000000000107
244.88991101128934,89629.82790121596,43151.15976949221,-0.6329674106646441,0.04961893020494913,6.590163027020612,0.7000000000000057
245.25989404537975,89630.12696143101,43150.94417939428,-0.6170300703430577,0.03697005087265815,6.629345742261151,0.7
245.63206487072168,89630.43095303241,43150.73129571884,-0.6055613238355906,0.02493706993650427,6.668527882967481,0.6999999999999991
246.00585368462973,89630.73848138786,43150.520164521804,-0.5984316372242148,0.013359214236469621,6.707649995742623,0.7000000000000038
246.38065662967486,89631.048151865,43150.30983185906,-0.5955511633796209,0.0020690973108848923,6.746650471785922,0.7000000000000076
246.75585618127553,89631.35856983157,43150.0993437865,-0.5968714351235525,-0.009101607634252377,6.78546770390149,0.7000000000000057
247.1308410407376,89631.6683406552,43149.887746360015,-0.6023855807342253,-0.020318220542826865,6.824042113288653,0.7000000000000028
247.5050260234432,89631.97606970355,43149.674085635495,-0.6121272898923578,-0.03173950224625545,6.862318102487301,0.700000000000002
247.87787241634197,89632.28036234436,43149.45740766885,-0.6261684909603197,-0.04351327044321003,6.900245987628497,0.700000000000001
248.24890924595596,89632.57982394526,43149.23675851595,-0.6446154452949787,-0.0557699795175098,6.937783958242196,0.41352051734069806
248.61775583993517,89632.87305987393,43149.0111842327,-0.6676027150568123,-0.06861304577986985,6.944444444444445,0.06287933398148426
248.98414596745005,89633.15867549813,43148.77973087501,-0.6952842247869903,-0.08210474999396256,6.944444444444445,0.0
249.34795368575112,89633.43527618542,43148.54144449875,-0.7278204456833658,-0.09624683961413924,6.944444444444445,0.0
249.7092207767265,89633.70146730356,43148.2953711598,-0.7653606555047417,-0.1109557522790839,6.944444444444445,0.0
250.0682854521681,89633.95595924945,43148.040625517504,-0.8065280377910585,-0.11391971276538763,6.944444444444445,0.0
250.42586851543265,89634.19858184256,43147.77705341983,-0.8468076351738003,-0.11080707582069738,6.944444444444445,0.0
250.78265269905248,89634.42984164658,43147.50494275313,-0.8857142610277989,-0.10696454261178243,6.944444444444445,0.0
251.13925637055232,89634.65025462696,43147.22458754488,-0.9230844700797902,-0.10250808258461785,6.944444444444445,0.0
251.49623291801834,89634.86033674919,43146.936281822535,-0.9587838253131976,-0.09755927431742473,6.944444444444445,0.0
251.85407119744985,89635.06060397874,43146.64031961354,-0.992706712265259,-0.09223835157149197,6.944444444444445,0.0
252.2131969146074,89635.25157228108,43146.33699494536,-1.0247749732855325,-0.08665859778869386,6.944444444444445,0.0
252.5739747919885,89635.43375762163,43146.02660184547,-1.0549356521326927,-0.08092231121215983,6.944444444444445,0.0
252.9367113636037,89635.60767596593,43145.7094343413,-1.0831581475661929,-0.07511832665709052,6.944444444444445,0.0
253.30165824385796,89635.7738432794,43145.38578646033,-1.1094310507398355,-0.06932091286061108,6.944444444444445,0.0
253.66901572894275,89635.93277552752,43145.05595222999,-1.1337588972332648,-0.06358977190607928,6.944444444444445,0.0
254.03893660659568,89636.08498867576,43144.72022567776,-1.156159011664347,-0.05797083890031563,6.944444444444445,0.0
254.41153007015114,89636.23099868961,43144.3789008311,-1.1766585697576182,-0.05249759760541828,6.944444444444445,0.0
254.7868656533497,89636.37132153448,43144.03227171745,-1.1952919552563452,-0.04719267191605227,6.944444444444445,0.0
255.16497712188212,89636.50647317588,43143.680632364274,-1.2120984501528438,-0.04206950797040948,6.944444444444445,0.0
255.54586627518208,89636.6369695793,43143.324276799045,-1.2271202672346664,-0.03713401614151442,6.944444444444445,0.0
255.92950662707767,89636.76332671015,43142.96349904919,-1.2404009133580787,-0.032386089712887256,6.944444444444445,0.0
256.3158331487722,89636.88606139104,43142.59859442842,-1.2519382349371777,-0.02668351922895901,6.944444444444445,0.0
256.70432682560704,89637.00585662706,43142.23010763566,-1.2603828563344168,-0.01698668318556628,6.944444444444445,0.0
257.09423355340726,89637.12375885049,43141.859128754375,-1.2651664988226687,-0.007641231601499308,6.944444444444445,0.0
257.4847790391577,89637.2408625487,43141.48681998292,-1.2663569959789651,0.0015216139773217906,6.944444444444445,0.0
257.87518398981837,89637.35826220906,43141.114343519606,-1.2639790693645174,0.010667394985569434,6.944444444444445,0.0
258.2646790778509,89637.47705231892,43140.742861562765,-1.2580147065070804,0.01995962358700951,6.944444444444445,-0.308588118871732
258.65252013089355,89637.59832736573,43140.37353631074,-1.2484036542528367,0.029560850912252287,6.909815862015753,-1.107750259179777
259.0380039895686,89637.72318183677,43140.007529961855,-1.2350441327210984,0.039632914492212394,6.819971180232678,-1.6000000000000065
259.42048547565065,89637.85271021943,43139.64600471443,-1.2177940463830121,0.050335570992693875,6.729640862909534,-1.599999999999998
259.7993959066667,89637.98800700113,43139.290122766804,-1.1964731673310343,0.061822495801492905,6.638942141974914,-1.5999999999999972
260.1742635715488,89638.13016666917,43138.94104631732,-1.170867006243418,0.07423331887428035,6.547974972223678,-1.5999999999999952
260.5447365279553,89638.28028371098,43138.59993756429,-1.1407333731034297,0.08768003360326605,6.456815219314153,-1.600000000000003
260.9106079699265,89638.43945261386,43138.267958706034,-1.1058129444447795,0.10222591954027854,6.365506591156673,-1.6000000000000136
261.2718442101326,89638.60876786527,43137.94627194093,-1.0658454364526302,0.11785537377780292,6.274051178736075,-1.6000000000000059
261.628614982251,89638.78932395251,43137.636039467245,-1.0205931023423114,0.1344342791730819,6.182398541231438,-1.600000000000005
261.9813252547687,89638.982215363,43137.338423483365,-0.9698729964957388,0.15166347249452924,6.0904333877454055,-1.6000000000000072
262.33064703605146,89639.18853658406,43137.05458618757,-0.9135984408010049,0.16903315343465322,5.997962083112827,-1.6000000000000052
262.6775487731991,89639.40938210307,43136.78568977823,-0.8518280236615329,0.18579351254376397,5.904698433585477,-1.600000000000002
263.0233190333985,89639.64584640741,43136.53289645366,-0.7848170846911093,0.2009641873036902,5.810249457549022,-1.599999999999997
263.36958047040423,89639.89902398446,43136.29736841219,-0.7130624065931093,0.21340696509315762,5.714102043237441,-1.600000000000003
263.7182900052752,89640.17000932159,43136.08026785214,-0.6373271865787712,0.22197493756878273,5.615611422538348,-0.9912046249436124
264.07171374331165,89640.45989653551,43135.88275684866,-0.558661239924569,0.22393517226770718,5.590979043572337,0.15928137506841386
264.4310805223641,89640.76911509574,43135.705776540955,-0.48206292839243114,0.20630115471853103,5.635792770883121,0.6999999999999975
264.7965395673793,89641.09605852125,43135.54959129635,-0.41020066686539947,0.19067711577146235,5.681003680632475,0.6999999999999956
265.16798611073847,89641.4387318209,43135.414336337206,-0.3424915548338119,0.17724321032731674,5.726589559245763,0.6999999999999943
265.5451092144861,89641.79514000354,43135.30014688589,-0.2783215525346662,0.1660105544978885,5.772503817695513,0.7000000000000028
265.92743485602176,89642.1632880781,43135.20715816478,-0.21707554949686442,0.15689662888411152,5.818681656823923,0.7000000000000102
266.3143642898725,89642.54118105338,43135.135505396254,-0.15815417748759267,0.14977708909087645,5.865045390348676,0.7000000000000046
266.705208205857,89642.92682393825,43135.08532380266,-0.10098142418032445,0.14451839501479893,5.911509021665156,0.6999999999999973
267.0992174505947,89643.31822174159,43135.05674860636,-0.04500632836735001,0.14099654757517147,5.95798219667207,0.6999999999999982
267.495611169485,89643.71337947225,43135.049915029755,0.010298799691951788,0.13910638583057333,6.004373661116349,0.6999999999999991
267.8936032314492,89644.11030213909,43135.064958295174,0.06544187572834984,0.13876459969110141,6.050594346761121,0.6999999999999982
268.2924277618301,89644.50699475096,43135.10201362501,0.12091497779132998,0.13990838696581442,6.096560201588339,0.7
268.69136455134355,89644.90146231675,43135.16121624162,0.177197722007381,0.14249068608698026,6.1421948680345295,0.7000000000000008
269.08976503669317,89645.29170984533,43135.24270136739,0.2347591915101099,0.14647215441751854,6.187432300752806,0.6999999999999955
269.48707945518225,89645.67574234553,43135.346604224665,0.2940575171217966,0.151809516890993,6.232219401006666,0.6999999999999946
269.8828856450285,89646.05156482622,43135.47306003582,0.35553610837080873,0.1584396028779558,6.2765187268157385,0.25327889599740105
270.2769197696609,89646.41718229624,43135.62220402321,0.4196154080380087,0.16625842747934821,6.264236460097484,-0.8960776638837962
270.6691089554555,89646.77059976452,43135.79417140924,0.4866789849711925,0.17509527388735546,6.1632502004601335,-1.5999999999999928
271.05960541351874,89647.10982223987,43135.98909741625,0.55705293176226,0.1846832073419938,6.0610283259253555,-1.5999999999999928
271.4488210421117,89647.43285473115,43136.207117266604,0.6309780972836986,0.19463008690198896,5.9573966089368255,-1.600000000000001
271.83746078235345,89647.73770224725,43136.448366182696,0.7085758888956651,0.20439790004213082,5.852087421373543,-1.1933936183835339
272.2265136493577,89648.02237425926,43136.71297004308,0.7895339750798939,0.20812033476279396,5.799516149392914,-0.04281713967492925
272.6163965205902,89648.28531908747,43137.00013580304,0.8686217414634073,0.1982360971079336,5.846385514725718,0.7000000000000045
273.0069893554737,89648.52578777337,43137.307389567635,0.9442968423873062,0.18987013583487683,5.892966447862371,0.6999999999999964
273.397906939146,89648.7431170227,43137.63207806656,1.0171591253164927,0.18334984131115126,5.939220333745237,0.6999999999999873
273.7885564131469,89648.93664354112,43137.97154802948,1.087878519621597,0.17889148469291388,5.985085415963095,0.45744962729252153
274.178192113499,89649.10570403429,43138.32314618608,1.1571724125527398,0.1766509013757014,5.999018294450533,-0.6906958424271772
274.5659680691535,89649.24963520787,43138.68421926601,1.2257939263269568,0.17676276349919523,5.894687221478152,-1.5999999999999945
274.9509891866818,89649.36777376759,43139.052113998965,1.2945281345718087,0.17936773913100637,5.789237416358671,-1.600000000000001
275.3323625946478,89649.4594564191,43139.424177114626,1.3641931738766067,0.18462751313824685,5.682857992020915,-1.6000000000000085
275.7092509156669,89649.52401986805,43139.79775534265,1.435643073526605,0.19272638368300993,5.575736034840134,-1.6000000000000039
276.0809294045047,89649.56080082015,43140.17019541274,1.509768628308172,0.2038555010662576,5.468039974792979,-1.5999999999999994
276.44684890415397,89649.56913598106,43140.53884405454,1.5874915742579565,0.21817219310383767,5.359899137768943,-1.599999999999997
276.80670631355594,89649.54836205645,43140.90104799776,1.6697456374024673,0.2357230999470373,5.251378395904257,-1.599999999999999
277.16052350875617,89649.497815752,43141.25415397204,1.7574359670215611,0.2563185000160808,5.142446891541925,-1.5999999999999994
277.50874514196073,89649.41683413563,43141.59550915053,1.8513210709220236,0.27634723335919853,5.03293659865437,-0.45538384132074705
277.85372149865964,89649.30543002178,43141.923287954836,1.9446423883523152,0.2610815175742903,5.08069067208909,0.6999999999999974
278.1984620172155,89649.16569392192,43142.238208321854,2.030879475085924,0.2383794795206081,5.127967865678497,0.6999999999999964
278.5452721199605,89649.00011435946,43142.541475434424,2.1086603773656805,0.2112611730122426,5.175093098222898,0.6999999999999995
278.89577911110115,89648.8111798578,43142.83429447545,2.1772795375949934,0.182436988471835,5.222288613517181,0.7000000000000061
279.2509951077844,89648.6013789403,43143.11787062771,2.236566946753335,0.1538911618995936,5.269686969662214,0.7000000000000055
279.6113998077864,89648.37320013034,43143.39340907411,2.2867177315599845,0.12681829321581636,5.317345892287862,0.7000000000000044
279.9770293916696,89648.12913195137,43143.66211499747,2.3281330969760985,0.10176076312566974,5.365263158100172,0.7000000000000048
280.3475628198338,89647.87166292676,43143.925193580624,2.3612960974778736,0.0788051955975882,5.41339039374558,0.7
280.72240116900036,89647.60328157985,43144.18385000644,2.3866856897226327,0.05775786772834176,5.461645287267392,0.6999999999999976
281.10073874002086,89647.32647643407,43144.43928945777,2.4047227206795516,0.0382720101061545,5.509922126796241,0.7000000000000018
281.48162652765853,89647.04373601283,43144.69271711745,2.4157389294130223,0.019928619046624272,5.558100821868163,0.6999999999999991
281.8640296175186,89646.7575488395,43144.94533816833,2.4199610513034346,0.0022826368847731725,5.6060546797061885,0.6999999999999976
282.2468805098672,89646.47040343743,43145.198357793255,2.4175043216026975,-0.015112611907575367,5.653657251827677,0.7000000000000014
282.6291305131474,89646.18478833008,43145.45298117508,2.408371961316969,-0.032691803970053925,5.700788570516886,0.700000000000001
283.0098013452991,89645.9031920408,43145.71041349664,2.392459257834631,-0.05086586733624917,5.747341080077667,0.700000000000001
283.388038983561,89645.62810309301,43145.971859940815,2.3695626553960065,-0.07000410802228815,5.7932255423308865,0.7
283.7631715932213,89645.36201001007,43146.238525690416,2.3393959787936875,-0.09040219719575725,5.8383771578957955,0.6999999999999943
284.134897107522,89645.10732955315,43146.51158020181,2.3028269544649573,-0.09950853964079118,5.882776857731426,0.6999999999999981
284.50376845538796,89644.86494377948,43146.7914288862,2.2665224797910875,-0.09648381386025714,5.92650685014982,0.7000000000000048
284.8703952644951,89644.63426175946,43147.07774383522,2.2317007173540504,-0.09281489667756711,5.969653338144746,0.7000000000000038
285.2353191052909,89644.4146331512,43147.3701675623,2.1985114974155353,-0.08859140080461755,6.012291938581897,0.6999999999999971
285.5990141244472,89644.20540761274,43147.66834258094,2.1670802526053077,-0.08390676724376309,6.0544882014548245,0.6999999999999932
285.96188863739144,89644.00593480222,43147.97191140462,2.1375085407609746,-0.07885315908373464,6.096298196420317,0.700000000000005
286.32428755079945,89643.81556437771,43148.28051654679,2.1098754660056147,-0.0735173306224583,6.137769153238727,0.7000000000000098
286.6864954739495,89643.63364599737,43148.593800520954,2.0842397659889516,-0.06797761307212788,6.178940141388238,0.700000000000001
287.0487403770205,89643.45952931918,43148.91140584056,2.0606423332040897,-0.06230200479664426,6.219842774150995,0.7
287.4111976623769,89643.29256400131,43149.23297501911,2.039108959793404,-0.05654724545978024,6.260501923540735,0.6999999999999991
287.77399452896265,89643.13209970183,43149.55815057004,2.019653129761107,-0.05075869237874205,6.300936434203833,0.6999999999999932
288.13721452762576,89642.97748607886,43149.88657500687,2.0022787223303657,-0.044970797193560175,6.341159826562146,0.7
288.5009022243746,89642.82807279046,43150.21789084303,1.9869825294062242,-0.039207990573034236,6.381180981719141,0.7000000000000058
288.86506790761536,89642.68320949475,43150.55174059204,1.9737565248619415,-0.03348581035926468,6.421004802831961,0.700000000000003
289.2296922931959,89642.54224584982,43150.88776676732,1.9625898516357758,-0.027812144358357042,6.460632849636627,0.6999999999999991
289.5947311969077,89642.40453151376,43151.22561188241,1.9534705138150759,-0.02218849573884087,6.50006394453165,0.6999999999999981
289.960120157625,89642.26941614463,43151.56491845073,1.9463867753527009,-0.01661121230591866,6.539294750047945,0.6999999999999991
290.3257790053981,89642.13624940057,43151.90532898577,1.9413282756952663,-0.011072648645046606,6.578320318659387,0.6999999999999991
290.6916163776198,89642.00438093967,43152.246486001015,1.9382868765070258,-0.005562251710805892,6.617134616735355,0.6999999999999981
291.05753419299447,89641.87316042,43152.58803200994,1.9372572539610777,-6.757623821982638e-05,6.655731025028119,0.6999999999999991
291.42343209760946,89641.74193749968,43152.92960952601,1.938237248756129,0.005424752852599852,6.694102818450196,0.7000000000000058
291.78921190009214,89641.61006183678,43153.270861062694,1.9412279819803298,0.010928107272385338,6.73224362805288,0.7000000000000058
292.1547820137154,89641.47688308943,43153.61142913348,1.9462337399348042,0.0164549245165146,6.770147888084218,0.6999999999999971
292.52006192243994,89641.34175091567,43153.950956251836,1.9532616257120048,0.022015752528967116,6.807811270793684,0.6999999999999961
292.8849866852154,89641.20401497363,43154.28908493124,1.9623209703283027,0.027618246234675833,6.845231111265064,0.700000000000002
293.24951148832383,89641.06302492142,43154.62545768516,1.9734224921927455,0.03326609893914924,6.882406823995729,0.7000000000000087
293.613616249002,89640.91813041708,43154.95971702708,1.9865771913909327,0.038957902301645586,6.919340312192516,0.5893009019987795
293.9773102648766,89640.76868111873,43155.29150547045,2.001794965529691,0.044685944138248286,6.944444444444445,0.23935928713500693
294.3406368927562,89640.61402668452,43155.62046552879,2.019082937707954,0.050434974423034504,6.944444444444445,0.0
294.7036782269974,89640.45351677245,43155.94623971553,2.038443495626288,0.056180996845116495,6.944444444444445,0.0
295.0665592600498,89640.28650152731,43156.26847077858,2.059839692162891,0.06059658562974485,6.944444444444445,0.0
295.4294042334693,89640.11260271944,43156.58693230293,2.0811526311500925,0.056870403525762316,6.944444444444445,0.0
295.7922975970394,89639.93216517134,43156.9017461547,2.10110813112356,0.05311578921403227,6.944444444444445,0.0
296.1552943236001,89639.74565269632,43157.21309151569,2.1197031266678086,0.049352624167214934,6.944444444444445,0.0
296.51842194882704,89639.55352910746,43157.52114756762,2.136938817731168,0.045596351680173536,6.944444444444445,0.0
296.88168264003775,89639.3562582181,43157.826093492295,2.152819630898416,0.041858262602861275,6.944444444444445,0.0
297.2450552723628,89639.15430384144,43158.12810847151,2.1673522584848572,0.03814583929397375,6.944444444444445,0.0
297.6084974957063,89638.9481297907,43158.42737168702,2.1805447834844425,0.034463126933150956,6.944444444444445,0.0
297.9719477805928,89638.73819987907,43158.724062320594,2.192405893136502,0.03081110848060662,6.944444444444445,0.0
298.3353274351807,89638.5249779199,43159.01835955406,2.2029441799390366,0.027188066217730764,6.944444444444445,0.0
298.69854258940035,89638.30892772629,43159.31044256913,2.2121675261991633,0.02358991860922759,6.944444444444445,0.0
299.061486145355,89638.09051311151,43159.600490547615,2.220082566504488,0.020010526072996235,6.944444444444445,0.0
299.42403969584063,89637.87019788883,43159.8886826713,2.2266942216465164,0.016441963147381073,6.944444444444445,0.0
299.78614984249725,89637.64840585316,43160.17519502337,2.232316265454416,0.01479559237539068,6.944444444444445,0.0
300.14786944031584,89637.42533910184,43160.460186521195,2.2374126965013317,0.013365597948482653,6.944444444444445,0.0
300.50924949866067,89637.20112339225,43160.74381017126,2.241984289528679,0.011921084330584973,6.944444444444445,0.0
300.8703383951335,89636.97588441106,43161.026218974526,2.2460277702596425,0.010464051902616253,6.944444444444445,0.0
301.23118217285344,89636.74974784494,43161.30756593197,2.2495403376895458,0.008996385171400308,6.944444444444445,0.0
301.5918248420023,89636.52283938053,43161.58800404458,2.2525196354993406,0.007519863171192768,6.944444444444445,0.0
301.9523086849431,89636.29528470457,43161.86768631333,2.2549637265813387,0.006036171459473544,6.944444444444445,0.0
302.31267456426554,89636.06720950372,43162.14676573922,2.2568710709656647,0.004546915447791033,6.944444444444445,0.0
302.6729622331553,89635.83873946463,43162.425395323204,2.2582405073850764,0.0030536348195800474,6.944444444444445,0.0
303.0332106475173,89635.61000027401,43162.70372806628,2.259071238667648,0.0015578187980010347,6.944444444444445,0.0
303.39345827931214,89635.3811176185,43162.98191696942,2.2593628211010883,6.092203700337382e-05,6.944444444444445,0.0
303.7537434305855,89635.15221718475,43163.26011503358,2.259115157868862,-0.0014356190827580027,6.944444444444445,0.0
304.11410454768253,89634.9234246595,43163.53847525978,2.258328496616244,-0.002930369965377885,6.944444444444445,0.0
304.4745805351448,89634.69486572944,43163.81715064899,2.2570034311634473,-0.004421881327284146,6.944444444444445,0.0
304.8352110687829,89634.46666608119,43164.09629420219,2.2551409073424096,-0.005908672949077087,6.944444444444445,0.0
305.1960369074076,89634.23895140144,43164.37605892034,2.2527422328930147,-0.00738921786197482,6.944444444444445,0.0
305.55710020268305,89634.0118473769,43164.65659780443,2.2498090913129594,-0.008861927184098036,6.944444444444445,0.0
305.91844480653856,89633.78547969417,43164.93806385546,2.2463435595124825,-0.010325135828984462,6.944444444444445,0.0
306.28011657554237,89633.55997403999,43165.220610074386,2.2423481290803347,-0.011777089317611698,6.944444444444445,0.0
306.64216367160105,89633.33545610105,43165.50438946219,2.237825730920288,-0.013215931935059268,6.944444444444445,0.0
307.00463685830255,89633.11205156396,43165.789555019874,2.2327797629679638,-0.014639696482839028,6.944444444444445,0.0
307.36758979217063,89632.88988611546,43166.07625974839,2.227214120645691,-0.01604629588676198,6.944444444444445,0.0
307.73107930804565,89632.66908544219,43166.364656648744,2.2211332296587356,-0.01743351692671239,6.944444444444445,0.0
308.0951656977496,89632.44977523082,43166.654898721885,2.2145420806798883,-0.018799016357483187,6.944444444444445,0.0
308.4599129811382,89632.23208116804,43166.94713896881,2.2074462654117712,-0.020140319687364676,6.944444444444445,0.0
308.82538916858516,89632.01612894055,43167.241530390515,2.199852013458239,-0.02145482287192457,6.944444444444445,0.0
309.1916665138923,89631.802044235,43167.538225987955,2.1917662293791684,-0.022739797162821505,6.944444444444445,0.0
309.5588217565687,89631.58995273805,43167.837378762124,2.1831965292482898,-0.023992397324087804,6.944444444444445,0.0
309.9269363523808,89631.37998013642,43168.13914171401,2.17415127598329,-0.025209673389848728,6.944444444444445,0.0
310.29609669104116,89631.17225211674,43168.44366784456,2.1646396126733674,-0.026388586086923897,6.944444444444445,0.0
310.66639429988106,89630.9668943657,43168.751110154786,2.154671493093981,-0.02752602598263761,6.944444444444445,0.0
311.03792603234075,89630.76403257,43169.061621645655,2.1442577085741323,-0.028618836342433843,6.944444444444445,0.0
311.4106794196526,89630.56373323301,43169.37528666729,2.1344190900685245,-0.02185674351598838,6.944444444444445,0.0
311.78428507047863,89630.36543283533,43169.69145876224,2.128146614581593,-0.011791877577787501,6.944444444444445,0.0
312.1583252548369,89630.16818733054,43170.009050073124,2.12559667917667,-0.0018660238699806989,6.944444444444445,0.0
312.5323716278665,89629.9710474,43170.32696662687,2.1267476948715287,0.008022075589936596,6.944444444444445,0.0
312.9060006271171,89629.77306372502,43170.64411445035,2.1316033922453244,0.017973875875666737,6.944444444444445,0.0
313.2788089222142,89629.57328698688,43170.95939957047,2.1401923840156245,0.028087147873313248,6.944444444444445,0.0
313.6504291721697,89629.3707678669,43171.271728014115,2.1525665818087343,0.03845162094897837,6.944444444444445,0.0
314.0205463244275,89629.16455704639,43171.58000580818,2.168798305857043,0.04914352533939173,6.944444444444445,0.0
314.38891464949126,89628.95370520659,43171.88313897955,2.1889758040648717,0.06021844516263489,6.944444444444445,0.0
314.7553756392051,89628.73726302886,43172.18003355514,2.213196791636677,0.0717019946731958,6.944444444444445,0.0
315.1198767966387,89628.51428119451,43172.46959556183,2.241559554600148,0.08357807163220887,6.944444444444445,0.0
315.482491201115,89628.28381038483,43172.75073102652,2.2741511651713924,0.09577492071292286,6.944444444444445,0.0
315.84343753456244,89628.0449012811,43173.0223459761,2.311032486194964,0.10815006020960213,6.944444444444445,-0.437655011274581
316.2031000020412,89627.79660456465,43173.28334643745,2.3522199614074935,0.12047634157889857,6.898880527751404,-1.2380763035390034
316.5620472791447,89627.53797091678,43173.53263843749,2.397664760750673,0.13243292743557333,6.81512444856705,-1.600000000000005
316.9210493013734,89627.26805101878,43173.7691280031,2.447230699919028,0.1436064044338731,6.730313126320682,-1.600000000000001
317.28109043199396,89626.98589555196,43173.99172116117,2.5006734115560323,0.15350781669377103,6.644169109854041,-1.599999999999996
317.6433773894109,89626.69055519764,43174.199323938614,2.5576242891096004,0.16161003873651317,6.556345391802088,-1.599999999999998
318.0093403815868,89626.38108063705,43174.39084236228,2.6175833548217504,0.16740570977726532,6.46641966791837,-0.4420814224145635
318.3803781544046,89626.05664391589,43174.565306358105,2.677854915862292,0.15347463920967877,6.506461112124348,0.7000000000000038
318.7569296584155,89625.71794809148,43174.723308839086,2.730939385979293,0.13090892572208593,6.546847203746374,0.4561793867083919
319.13896363158767,89625.36674418898,43174.86651257295,2.7765960300447645,0.11019956746473768,6.55943124966494,-0.6981041441397843
319.5261086689493,89625.00480361594,43174.99660113549,2.8153021437260244,0.09141961657020327,6.464307712317211,-1.6000000000000019
319.91771603044145,89624.6338977799,43175.11525810247,2.8475359751240084,0.07443215723771951,6.366642022506751,-1.6000000000000019
320.31291502829794,89624.25579808837,43175.22416704966,2.873734071955619,0.05898242598835613,6.266537628516094,-1.5999999999999954
320.71066122275784,89623.87227594883,43175.325011552806,2.894265746594271,0.04475620533910581,6.1641468207154535,-1.6000000000000019
321.1097783855136,89623.48510276886,43175.41947518773,2.9094185647926847,0.03141193486932634,6.059664273416305,-1.6000000000000028
321.50899552831345,89623.09604995597,43175.50924153018,2.9193901264528033,0.018594420791613837,5.95332144685288,-1.6000000000000054
321.9069804244819,89622.7068889177,43175.59599415592,2.9242827717411677,0.0059363444533304735,5.845381474447961,-1.6000000000000036
322.3023710980831,89622.31939106154,43175.681416640735,2.924098949991674,-0.006948175831790308,5.736134101143001,-1.5999999999999985
322.6938067968904,89621.93532779501,43175.76719256037,2.918735818726849,-0.02047519060556979,5.625890168685509,-1.600000000000001
323.0799600484083,89621.5564705257,43175.85500549065,2.907978292643336,-0.03510565462902353,5.514975048470754,-1.600000000000001
323.4595715500831,89621.18459066108,43175.94653900731,2.89149038954761,-0.05136106500427857,5.403720290678959,-1.5999999999999976
323.83148987602635,89620.82145960869,43176.043476686114,2.868805526897041,-0.06983628422701552,5.29245258239289,-1.599999999999998
324.1947182802974,89620.46884877601,43176.14750210285,2.839317694461676,-0.09120231776218306,5.181478885724591,-1.6000000000000045
324.54847118370924,89620.12852957065,43176.260298833295,2.8022775672821556,-0.11618515806243622,5.071066372301977,-1.6000000000000014
324.89224310087377,89619.80227340008,43176.383550453225,2.756801139298288,-0.14549582790833324,4.961415525569838,-1.6000000000000005
325.22589248490914,89619.4918516718,43176.51894053838,2.701903792878353,-0.17967186611745214,4.852624649450259,-1.6000000000000032
325.54974165747956,89619.19903579344,43176.66815266457,2.636579601090388,-0.2187784097001792,4.744644205441216,-1.599999999999999
325.86469073085306,89618.9255971724,43176.83287040754,2.559951522043631,-0.26193028307253763,4.637220245085596,-1.5999999999999965
326.17233712614745,89618.67330721626,43177.014777343065,2.471515420942924,-0.30668298067337807,4.529828157501082,-1.5999999999999983
326.47508252072964,89618.44393733257,43177.215557046955,2.3714751260642,-0.3485539046352445,4.421601279381333,-1.5999999999999976
326.77619220052725,89618.23925839423,43177.43689237736,2.2611799873294767,-0.3766071664058287,4.311265115772203,-0.446816976405113
327.0789733575268,89618.0605126021,43177.679756546146,2.1503821710537725,-0.3563933285220105,4.360149139453111,0.699999999999996
327.38605313888894,89617.90742271728,43177.94308319326,2.0458160472526967,-0.3290839578739892,4.409173642779412,0.7
327.6995474757252,89617.7794402062,43178.22544179468,1.948496706682054,-0.29832444550261134,4.458666200081748,0.7000000000000045
328.02107446492204,89617.6760165352,43178.52540182642,1.8588032148478881,-0.26711826444159165,4.508862613634065,0.7000000000000065
328.35179465925194,89617.59660317074,43178.84153276443,1.7766218734164343,-0.23752160373639836,4.559917799773245,0.6999999999999995
328.6924655379301,89617.54065157911,43179.17240408471,1.7015097263200791,-0.2106953574143658,4.611918209469711,0.6999999999999938
329.0435001691558,89617.50761322677,43179.51658526324,1.6328373446414084,-0.1871223568897958,4.664894216866471,0.6999999999999995
329.4050236545615,89617.49693958006,43179.87264577601,1.5698949700564664,-0.16684677469761877,4.718831522116703,0.700000000000002
329.7769240110946,89617.5080821054,43180.239155099,1.51196232144413,-0.14966801769356217,4.773681119772098,0.7000000000000024
330.1588962655668,89617.54049226915,43180.61468270819,1.4583494246291202,-0.13527382311443778,4.829367721506582,0.7000000000000027
330.5504797879704,89617.59362153769,43180.99779807955,1.4084170916683163,-0.12332141323681754,4.885796713013623,0.6999999999999995
330.9510895169323,89617.66692137744,43181.38707068911,1.3615843575216091,-0.11348183097764707,4.942859814059205,0.6999999999999974
331.3600419725224,89617.75984325475,43181.7810700128,1.317328203482582,-0.10546097710024618,5.000439638598546,0.6999999999999953
331.77657698271133,89617.87183863598,43182.178365526626,1.2751791130677856,-0.09900713790361923,5.058413347437319,0.6999999999999966
332.1998759807251,89618.00235898758,43182.57752670658,1.234714665432819,-0.0939113296100854,5.116655566945198,0.7000000000000016
332.6290776246195,89618.1508557759,43182.97712302863,1.1955524579603178,-0.09000424399014038,5.175040723724162,0.7000000000000045
333.0632913805252,89618.3167804673,43183.375723968755,1.1573430663966064,-0.08715191590747072,5.233444921891452,0.7000000000000048
333.5016096124458,89618.49958452821,43183.77189900296,1.119763397384956,-0.08525121765894376,5.291747468952037,0.7000000000000041
333.94311863990225,89618.698719425,43184.16421760722,1.082510585389846,-0.0842256938746274,5.349832138824481,0.7000000000000008
334.3869091609546,89618.91363662407,43184.55124925752,1.045296478742561,-0.08402191796990588,5.40758824644338,0.7000000000000016
334.8320863908272,89619.14378759173,43184.93156342981,1.0078427122958957,-0.08460636598248793,5.4649115971710165,0.7000000000000048
335.2777802332008,89619.38862379447,43185.303729600135,0.9698763554436152,-0.08596269641533263,5.52170536557478,0.7000000000000047
335.7231557795019,89619.64759669857,43185.666317244424,0.9311261420823657,-0.08808925266297268,5.57788095149393,0.7000000000000016
336.16757994853987,89619.92014624122,43186.01794908453,0.8917536763688851,-0.08796622974912419,5.6333781823779585,0.6999999999999992
336.6109467780406,89620.20557472268,43186.35788349109,0.8530256688825856,-0.0865517890158445,5.688203873543303,0.7000000000000008
337.05315191337644,89620.50309390119,43186.68579698565,0.8149791042076701,-0.08532826376074922,5.742364538799604,0.7000000000000064
337.49405351914646,89620.8119139457,43187.001373429994,0.7775321123031872,-0.08431828369534498,5.795861691288124,0.7000000000000065
337.93347665943196,89621.13124502508,43187.3042966859,0.7405966820535691,-0.08354222130212104,5.848692600995622,0.6999999999999992
338.37121762516097,89621.46029730827,43187.5942506151,0.7040793093730647,-0.08301893685620707,5.90085099735297,0.7000000000000008
338.80704821131064,89621.79828096413,43187.870919079374,0.6678814432013148,-0.08276648866064862,5.952327722292439,0.7000000000000008
339.2407199562885,89622.14440616155,43188.13398594046,0.6318997454144578,-0.0828027953994073,6.00311133967546,0.6999999999999967
339.67196836425967,89622.49788306949,43188.38313506013,0.5960261835702412,-0.0831462422684429,6.05318870742518,0.7000000000000042
340.10051713865295,89622.85792185678,43188.61805030016,0.5601479775316345,-0.08381622433470241,6.102545519031408,0.7000000000000083
340.52608246181063,89623.22373269235,43188.83841552228,0.5241474230455561,-0.08483361945140147,6.151166821365771,0.7
340.9483773619351,89623.59452574514,43189.043914588285,0.48790161793955233,-0.08622117897149913,6.199037515973376,0.6999999999999957
341.3671162142718,89623.969511184,43189.23423135991,0.4512821203841698,-0.08800381722949807,6.2461428512095925,0.6999999999999992
341.7820194289144,89624.34789917784,43189.409049698916,0.41415457431938396,-0.09020876989799023,6.2924689127731375,0.6999999999999992
342.19281838268034,89624.72889989558,43189.56805346707,0.37637834537002524,-0.09286557629914163,6.338003120343873,0.6999999999999983
342.5992606569939,89625.1117235061,43189.710926526124,0.33780622213951866,-0.09600582091507781,6.3827347381453725,0.6999999999999983
343.00111564724773,89625.4955801783,43189.83735273785,0.298284253460848,-0.09966254416467972,6.426655407277024,0.7000000000000026
343.3981806110404,89625.87968008108,43189.94701596399,0.2576518127330854,-0.10386920195610753,6.469759707531089,0.7000000000000036
343.790287222023,89626.26323338336,43190.039600066324,0.21574200639242566,-0.10865801868265712,6.512045756025396,0.6999999999999964
344.177308691392,89626.64545025404,43190.1147889066,0.17238257483277725,-0.11405754250270742,6.553515849197665,0.700000000000001
344.5591675083742,89627.025540862,43190.172266346584,0.12739746962296525,-0.12008918202547444,6.59417715332702,0.7000000000000047
344.9358438317676,89627.40271537614,43190.21171624803,0.08060932773790869,-0.12676249296238745,6.634042446518627,0.1799603773651206
345.30738453353814,89627.77618396537,43190.232822472695,0.03184309585131114,-0.13406901338384422,6.61456507760405,-0.9693799579347111
345.673912848941,89628.14515679864,43190.235268882374,-0.01906892465886045,-0.14197454878551807,6.525303100743291,-1.6
346.03563852194264,89628.50884404476,43190.21873933878,-0.07228035429428838,-0.15041002479294083,6.435997079160669,-1.599999999999998
346.39286824694386,89628.86645587269,43190.18291770369,-0.1279221415391363,-0.15926140056962781,6.346567834897911,-1.600000000000004
346.74601609728717,89629.21720245128,43190.127487838865,-0.18609205182190772,-0.16835969941946313,6.256904199511303,-1.599999999999999
347.0956135014008,89629.5602939495,43190.05213360608,-0.246842444874812,-0.17747294547814924,6.166858071068163,-1.5999999999999868
347.4423181891221,89629.8949405362,43189.95653886707,-0.31016692098035686,-0.1863025800916725,6.076239253682367,-1.5999999999999888
347.78692140329326,89630.22035238029,43189.84038748359,-0.37598690160421416,-0.19448750665568407,5.984810204396017,-1.6000000000000032
348.1303525845363,89630.53573965067,43189.70336331743,-0.44413974217660646,-0.20161886467134682,5.892280831958451,-1.4890007543125914
348.4736807269094,89630.84031251626,43189.54515023034,-0.514370425614272,-0.2072674918349374,5.811435526688006,-1.1248953760962306
348.8181117053671,89631.13328114593,43189.365432084065,-0.5863290665898869,-0.2110235107081806,5.759484290531912,-0.08353786765052483
349.1649855141667,89631.41386757062,43189.16390721362,-0.6591105320634544,-0.20482363206968737,5.801489690174701,0.7000000000000011
349.51564109943484,89631.6819382366,43188.941060228375,-0.7266742291181463,-0.1826735584155116,5.843646160110891,0.7000000000000041
349.87103348168426,89631.93832154461,43188.698549452805,-0.7872206422265715,-0.16054665409398258,5.886064031229014,0.700000000000004
350.2317214202216,89632.18392447793,43188.438129092705,-0.8408586827225394,-0.13936338818665756,5.928803664625795,0.7
350.5979180909977,89632.41965401976,43188.16155335387,-0.8878665029595357,-0.11963916568529923,5.971883139577231,0.7000000000000067
350.9695419785716,89632.64641715345,43187.87057644214,-0.9286133573236508,-0.10158079317232527,6.015285668642035,0.7000000000000057
351.3462647611867,89632.86512086214,43187.56695256329,-0.9635008775299115,-0.08518516787278911,6.058966378107028,0.6999999999999991
351.72755461648757,89633.07667212914,43187.25243592312,-0.9929225357548189,-0.07031987763109467,6.102858294967415,0.6999999999999991
352.11271450288274,89633.28197793766,43186.92878072744,-1.017237620429091,-0.05678066708742764,6.146877517033004,0.6999999999999991
352.50091565552026,89633.481945271,43186.597741182086,-1.0367556252078178,-0.044328228092775535,6.190927622182184,0.7
352.891226903537,89633.67748111236,43186.26107149281,-1.0517274791941644,-0.03270917368070495,6.234903413070793,0.7000000000000073
353.2826405844365,89633.86949244498,43185.92052586543,-1.0623408613061023,-0.02166593236589428,6.278694109731822,0.7000000000000027
353.6740958910793,89634.05888625218,43185.577858505785,-1.068717620664047,-0.010939283076753669,6.322186105524021,0.6999999999999945
354.06450049705586,89634.24656951713,43185.234823619634,-1.0709119549622705,-0.00026614775908596807,6.365265399121093,-0.07888044287710336
354.4527513052592,89634.43344922316,43184.89317541283,-1.0689084732021141,0.01062561367764906,6.312463527422764,-1.229491559443407
354.8377551753897,89634.62043235345,43184.55466809113,-1.062619626939452,0.022024209753353688,6.214111634065245,-1.6000000000000065
355.2184505222884,89634.80842589126,43184.22105586036,-1.051882292548867,0.034241725425549555,6.11530524917189,-1.5999999999999963
355.59383074494633,89634.99833681987,43183.89409292633,-1.0364535938795245,0.047621527556405835,6.016289685349586,-1.5999999999999894
355.96297054567225,89635.1910721225,43183.57553349482,-1.016006452384185,0.06254333831531066,5.917304641111601,-1.599999999999994
356.3250563204123,89635.38753878241,43183.26713177165,-0.9901259455901691,0.07942258394683602,5.81857540438833,-1.600000000000001
356.6794219175527,89635.58864378287,43182.97064196263,-0.9583084794189742,0.0986981265235174,5.720301550242211,-1.5999999999999979
357.0255911155315,89635.79529410708,43182.68781827356,-0.9199671902417809,0.12079870006468812,5.622642474154954,-1.5999999999999974
357.3633280481179,89636.00839673831,43182.42041491024,-0.8744490069672606,0.14607353078303756,5.525699069610536,-1.599999999999999
357.6926963182554,89636.22885865983,43182.170186078474,-0.8210713379878167,0.17466848698681384,5.429490928572845,-1.6000000000000005
358.0141263929469,89636.4575868549,43181.938885984084,-0.7591887503849043,0.2063309351142304,5.333928711976013,-1.6000000000000034
358.3284886926371,89636.69548830671,43181.72826883283,-0.6883004408689255,0.24014528923436843,5.238781933372809,-1.6000000000000012
358.63718425749704,89636.943462207,43181.54007420591,-0.6086912927131872,0.26458015892964637,5.143637850576337,-0.8542173731651174
358.942218081031,89637.2019226007,43181.37513106889,-0.5273133369591277,0.2651884855056226,5.137734864067745,0.2991672143235736
359.2455902746705,89637.47052122472,43181.23283754309,-0.4472734269903679,0.26045834941612267,5.178903417187131,0.7000000000000012
359.54913292089896,89637.74884301871,43181.11246637192,-0.36959970598506514,0.25099615023181954,5.219770139505412,0.6999999999999994
359.8544822526054,89638.0364729223,43181.01329029884,-0.2951496616217534,0.23777397635241887,5.260559796605432,0.7000000000000041
360.1630618275559,89638.3329958751,43180.934582067246,-0.22457004768487343,0.22193380581341945,5.301462135919872,0.7000000000000017
360.47607652620803,89638.63799681673,43180.875614420554,-0.1582878123008096,0.2046024081115873,5.342632436983202,0.7000000000000012
360.7945158584326,89638.95106068683,43180.8356601022,-0.09652633974512306,0.18675887725463589,5.384193200640134,0.7000000000000027
361.1191643341619,89639.27177242503,43180.813991855626,-0.039337695994992865,0.16916745202419725,5.426236659770791,0.6999999999999978
361.45061650356735,89639.59971697092,43180.80988242422,0.013358455395657512,0.15236576202361962,5.468827783447574,0.7
361.78929452821,89639.93447926416,43180.82260455143,0.0617364148221264,0.1366888466727902,5.512007489064926,0.7000000000000005
362.13546660075644,89640.27564424438,43180.851430980685,0.1060307911691896,0.12230977108527553,5.555795844077862,0.699999999999996
362.48926502595623,89640.62279685117,43180.89563445539,0.1465094676317845,0.1092830662363342,5.600195108775456,0.6999999999999985
362.8507032140216,89640.97552202418,43180.95448771897,0.18345333906207165,0.09758328747255376,5.64519253167189,0.6999999999999946
363.21969118002716,89641.33340470302,43181.02726351486,0.2171420436951067,0.08713564155282724,5.6907628550179306,0.6999999999999943
363.5960493862927,89641.69602982733,43181.113234586475,0.24784454555105262,0.07783845721940945,5.736870519788953,0.7
363.9795209235804,89642.06298233673,43181.211673677244,0.2758133973812521,0.0695786290324865,5.783471579685198,0.6999999999999991
364.3697821214951,89642.43384717085,43181.32185353059,0.30128165596843004,0.06224158822897248,5.830515345156633,0.6999999999999973
364.76645172788386,89642.8082092693,43181.443046889945,0.32446162202083945,0.05571729317224637,5.877945783949628,0.7000000000000008
365.16909881681266,89643.18565357171,43181.57452649872,0.3455447761032741,0.04990347408994627,5.925702706308471,0.7000000000000062
365.5772495863092,89643.5657650177,43181.715565100334,0.36470245347985336,0.044707069352654595,5.973722762302141,0.7000000000000061
365.9903931984122,89643.94812854694,43181.86543543823,0.38208693679643635,0.0400445245850973,6.021940276836937,0.7000000000000017
366.40798680033225,89644.332329099,43182.02341025582,0.3978327479248438,0.03584141449767393,6.0702879454338055,0.7000000000000008
366.8294598499239,89644.71795161351,43182.18876229653,0.4120579944277164,0.03203169053621028,6.1186974112066785,0.7
367.25421785308595,89645.10458103011,43182.36076430378,0.42486567812243126,0.028556746410367373,6.1670997409101584,0.6999999999999942
367.68164560617197,89645.49180228844,43182.53868902101,0.43634490868281306,0.025364417496070824,6.215425815553957,0.6999999999999958
368.11111002350924,89645.8792003281,43182.72180919161,0.4465719886441053,0.022407979279392608,6.263606648962461,0.7000000000000008
368.5419626188577,89646.26636008869,43182.90939755904,0.4556113510315485,0.019645176644490114,6.311573645804557,0.6999999999999975
368.9735417001012,89646.65286650992,43183.10072686671,0.4635163396523461,0.017037294092887387,6.359258809024481,0.7000000000000033
369.4051743285566,89647.03830453135,43183.29506985803,0.4703298266696267,0.014548262725490485,6.406594905251389,0.7000000000000066
369.83617808789785,89647.4222590926,43183.49169927645,0.4760846636405112,0.01214379005103906,6.453515595632415,0.7000000000000033
370.2658627026957,89647.80431513333,43183.689887865374,0.48080396154610117,0.00979049128562248,6.499955538600845,0.7000000000000008
370.69353154287916,89648.18405759313,43183.88890836823,0.4845011929446265,0.0074549942085937355,6.54585047033956,0.7000000000000016
371.1184830479631,89648.56107141165,43184.088033528446,0.487180105468049,0.005102982582163652,6.591137268117099,0.7000000000000025
371.5400121036426,89648.93494152853,43184.28653608945,0.4888344304835845,0.0026981344796730986,6.635754001250608,0.6999999999999975
371.9574114033722,89649.30525288332,43184.483688794644,0.48944736370353537,0.00020090039224741755,6.679639974185352,0.6999999999999966
372.36997282893026,89649.67159041573,43184.67876438747,0.48899078552307507,-0.0024329497549414932,6.72273576607888,0.0
