s_m,x_m,y_m,psi_rad,kappa_radpm,vx_mps,ax_mps2
0.0,89659.67399930622,43185.8364455365,-0.7795382969675199,-6.336233727976559,1.3761793237814954,0.0
0.32574442839948436,89659.89797011699,43185.60231783759,-0.8666174808103165,-0.055775666705383434,1.5329421812198176,0.7000000000000004
0.6502287356995438,89660.10522508212,43185.352097073875,-0.894825168615991,-0.11768556429610619,1.6745715156967933,0.7000000000000005
0.9750883606880845,89660.30308335192,43185.094740732806,-0.9364342836649393,-0.1321456830128905,1.8052681895405494,0.7
1.3005611093802205,89660.49000103025,43184.828726573825,-0.9805058725699396,-0.13890180521982193,1.9273440492906302,0.6999999999999998
1.6268859308079673,89660.66509751452,43184.55389220248,-1.027797581314061,-0.18378739647821132,2.0424274367367006,0.7000000000000003
1.9517815487348011,89660.82089719016,43184.26796064251,-1.130385936232894,-0.44890929925564366,2.15089834707092,0.7
2.2769900716517477,89660.93903655902,43183.965506273584,-1.2136646360360281,0.308324084427522,2.2542527878470375,0.6999999999999994
2.6021841687753096,89661.06045058883,43183.66368453172,-1.1877839862505355,-0.14900716624902735,2.3530676504276555,0.7
2.927367495832919,89661.16457640502,43183.35639971005,-1.3929354855212055,-1.4651457925925429,2.4478937937275345,0.7000000000000011
3.252048988596625,89661.21939415095,43183.03582496051,-1.3752665265472386,0.12852910526691844,2.5390427556933677,0.7
3.5767610198205673,89661.28652690737,43182.71823713217,-1.3577821633150802,-0.020904915563808316,2.6270392001172134,0.6999999999999991
3.9025477638140464,89661.35161088289,43182.39969523935,-1.388742637807372,-0.1687970162830814,2.7124594744518045,0.7000000000000003
4.2302430202570545,89661.39992560538,43182.076488676736,-1.4598436374094284,-0.2463517927119903,2.795748515078488,0.6999999999999991
4.557907176110474,89661.42208615836,43181.74954264499,-1.5493946881522078,-0.3012234320175533,2.876619470447622,0.6999999999999991
4.884905617054635,89661.41189968566,43181.42255577151,-1.657786947703493,-0.3616671926990196,2.9551205381642527,0.700000000000002
5.212662722117194,89661.36321634085,43181.09926405276,-1.785969947518025,-0.4207952616317526,3.0317647240786623,0.7000000000000005
5.541868026362177,89661.27460614158,43180.782571172305,-1.870841092693156,0.06833166364044974,3.106844825238419,0.6999999999999984
5.865062082378806,89661.19439949661,43180.46660593895,-1.7261813080927366,0.8341886552732937,3.1788294145068594,0.6999999999999994
6.192701516943856,89661.14954107539,43180.147620072275,-1.9183968257699833,0.1526498574953205,3.2501771728515187,0.6999999999999994
6.516271086593518,89661.0426340096,43179.84059218239,-1.9059495316944763,-0.07944909833930074,3.3191337804364887,0.699999999999999
6.841157420268765,89660.92867760854,43179.5373813741,-1.961547037579132,-0.20282942442545984,3.3869588009865077,0.6999999999999986
7.1668119271699435,89660.79499187612,43179.24074104591,-2.0265911221863635,-0.19784969509937714,3.4536077121238904,0.6999999999999997
7.492086998690096,89660.64249770892,43178.95328949607,-2.0901786255659194,-0.19225185271870918,3.518919056950561,0.7000000000000011
7.8172245730064756,89660.4724703108,43178.676152140164,-2.1516642864487387,-0.18593658497273305,3.5830132477305687,0.6999999999999994
8.142401975828074,89660.28604933542,43178.409817988766,-2.2107970968028083,-0.17670104854219182,3.6459885212878818,0.6999999999999992
8.46773986902102,89660.08456808148,43178.154536579474,-2.266522272679182,-0.1660362221066533,3.707924668575822,0.6999999999999994
8.79318303700688,89659.86949232103,43177.910395169296,-2.3189593108049964,-0.15857235043108306,3.768862664387404,0.7000000000000008
9.118537429205313,89659.64196471247,43177.67779913368,-2.371830833682822,-0.1665161020183828,3.8288146902260927,0.7000000000000025
9.443687362321954,89659.40229170644,43177.4579787291,-2.4273864787667905,-0.17520458444596898,3.8878055299171574,0.7000000000000011
9.768717469979523,89659.15065467663,43177.25227100564,-2.4854078509228112,-0.17938957088991614,3.9458933068666497,0.699999999999999
10.094095872415945,89658.88739022038,43177.06150454595,-2.543614362451302,-0.1785393655770347,4.003199189721393,0.6999999999999978
10.419994696887779,89658.61305252172,43176.886094120986,-2.601877175054788,-0.17975526875354186,4.059785968107996,0.6999999999999964
10.746036839843912,89658.32862224999,43176.72689325677,-2.660921091467959,-0.1827142826339448,4.115619164473939,0.6999999999999975
11.07189464237134,89658.03523958194,43176.58492941434,-2.7211529730148487,-0.18706000911002518,4.170674049901714,0.6999999999999992
11.397319959078768,89657.73404499926,43176.4612303873,-2.7829546841592654,-0.1926957840561928,4.224939937314371,0.6999999999999975
11.722474176125099,89657.4262187546,43176.35641181625,-2.8420246312913684,-0.16347336594376322,4.278473253133508,0.6999999999999992
12.04783717765512,89657.1132313102,43176.26808185934,-2.888958357505035,-0.12515433909541282,4.331378715827197,0.7000000000000038
12.373344887183224,89656.79668175826,43176.19251566386,-2.9235046585650726,-0.08724031132317459,4.383668825682456,0.7000000000000046
12.698517738128103,89656.47816976724,43176.12598240338,-2.945800562776024,-0.05018696258516078,4.435289659603196,0.700000000000002
13.023462360984766,89656.15886260898,43176.065469562134,-2.9628800303019736,-0.049446109208987885,4.486280958275168,0.7000000000000014
13.348464766813342,89655.83867391483,43176.00994112349,-2.9758350930145765,-0.030285961424216756,4.5367080801769,0.7000000000000016
13.67353126600075,89655.51788746961,43175.95755614361,-2.982567439768826,-0.011144053831543228,4.5865905969036245,0.6999999999999986
13.998627336391873,89655.19686469265,43175.90632588175,-2.9830815416643874,0.007979298249885856,4.635940875610076,0.6999999999999964
14.323711733477706,89654.87594545128,43175.854398393385,-2.9789236534767918,0.015620399523620621,4.684769573636731,0.7000000000000005
14.64874916536808,89654.55532365752,43175.80084814857,-2.972992045322019,0.020876697155511856,4.733087614097061,0.7000000000000035
14.97371416642083,89654.23513267981,43175.7451339025,-2.9653512827120694,0.026145314881534893,4.780906751254709,0.6999999999999984
15.298602553650923,89653.91550612183,43175.686710070986,-2.955757298491438,0.03839400699324489,4.828241202168237,0.699999999999997
15.62371505832459,89653.596655369,43175.624023068696,-2.9371260806612227,0.0761929479460772,4.875148265730809,0.7000000000000005
15.949292752913113,89653.27892522632,43175.55379569532,-2.9139422674966826,0.02449937859236222,4.921674449339579,0.2034731422212123
16.27354576238003,89652.96200099752,43175.48140619136,-2.927241336682978,-0.10702781163534811,4.902195100502436,-0.9456388476564374
16.59591354127393,89652.64490531154,43175.419389506336,-2.969285534638729,-0.11483113180041445,4.795825258589976,-1.599999999999999
16.919085800116886,89652.32630490378,43175.36913770381,-2.9983389800211655,-0.06496333412463448,4.686767402232817,-1.599999999999996
17.24551694790393,89652.00467107489,43175.3253033638,-3.0112210858323825,-0.014721600430573243,4.573970814261238,-1.5999999999999972
17.577460007113487,89651.67847261956,43175.282452651954,-3.0081312851094766,0.0326673099788696,4.456342807756494,-1.600000000000001
17.912200653440635,89651.34790002611,43175.23392381214,-2.9752483963010437,0.17439818510469512,4.334492029292032,-1.5999999999999974
18.241341354923136,89651.02242716434,43175.16643412693,-2.889374338166734,0.3488205689833313,4.211243392069871,-1.5999999999999968
18.56124421876322,89650.71464289149,43175.064479251785,-2.7423388970389837,0.5649099320744276,4.087894536673358,-1.6000000000000012
18.877128968897857,89650.43710498443,43174.912604730496,-2.5300293605552797,0.7048581385739681,3.9623289291189656,-1.5999999999999996
19.19985543006049,89650.19654921092,43174.70434594189,-2.336631861039689,0.5071786313465456,3.8297944940704873,-1.5999999999999983
19.532466661889874,89649.9872880526,43174.45242121184,-2.201115256424833,0.3270739550413923,3.6882204279243664,-1.6
19.871172760587893,89649.8020374548,43174.17201409764,-2.11607934994623,0.18478095340048387,3.538235493734827,-1.6000000000000008
20.20826886366165,89649.63351336273,43173.87830815655,-2.0740997829731693,0.06479132760129062,3.382366461412617,-1.5999999999999988
20.534266329404357,89649.47443172155,43173.58648694581,-2.0725341020541097,-0.05943692765565633,3.224470652512169,-1.5999999999999985
20.839969371216142,89649.31750707852,43173.31171346431,-2.11508954286526,-0.2038629096868204,3.0690326252932763,-1.6000000000000003
21.132552405692277,89649.15498231343,43173.062214853155,-2.1835317411394044,-0.24963689048167328,2.912506745879039,-1.6
21.428019061771387,89648.97794510893,43172.82923110148,-2.2574944376434387,-0.24682205353635708,2.745396555206143,-1.6
21.74241255122072,89648.7773095498,43172.60144944846,-2.3258534507565285,-0.19843458262495825,2.555610118758315,-1.6000000000000003
22.091408208285074,89648.54398972097,43172.36755713325,-2.380453639848427,-0.13296936529839765,2.3268770866751765,-1.6000000000000005
22.490147244711153,89648.26889970733,43172.11624139507,-2.418666826206762,-0.07608493826668358,2.0343038268485127,-1.6000000000000008
22.911772965654745,89647.95080751313,43171.83855682728,-2.3992770482225683,0.3520362957156174,1.6700867501153973,-1.600000000000001
23.15646208674397,89647.7398154889,43171.57117371907,-1.8298297736085898,5.9815035001303425,1.4163984486808376,-0.2407399044820126
23.510009498222267,89647.89038289688,43171.38141447353,-0.47523383173516254,0.4344154361615125,1.581502747862013,0.1639158128578119
23.825728135804415,89648.17029219073,43171.17767396649,-1.106885433272633,-5.391825916175559,1.4918415272156895,0.1989917036119905
24.226131264027458,89648.10060549431,43170.84066423674,-2.2043339973193685,-1.857574969693205,1.669178097698835,0.4344944389658613
24.58100408553933,89647.78410776776,43170.6706319565,3.004685971800068,-3.594347214137398,1.697621142191096,-0.5967258938044324
24.83979957352067,89647.53381710318,43170.65501097099,-2.023535274210666,5.842907641038987,1.4330987338191041,-0.15849660616394193
25.274343602647928,89647.49340060391,43170.2855114667,-1.595955773387639,-0.1481738154345201,1.6316046156014892,0.7000000000000002
25.606459035834327,89647.43960018667,43169.90600354944,-1.8839837754184403,-0.9969533316363627,1.7683594736684738,0.6999999999999995
25.91415764154501,89647.3053864584,43169.623979355325,-2.104834067337476,-0.23937873199267007,1.8862325615119675,0.6999999999999991
26.241471493621578,89647.1482190366,43169.34611793486,-2.008106917658327,0.8688408790896186,2.004024118870627,0.7000000000000002
26.56788741129964,89647.05427682889,43169.03500722201,-1.7499030802874398,0.48526202825612047,2.114969255985647,0.7
26.892645848822088,89647.01305852705,43168.71194429313,-1.6573194632617254,0.23710273667075935,2.219855122816781,0.6999999999999984
27.217865062656234,89646.99653895972,43168.38757020205,-1.5938503130906603,0.10781883296776118,2.3201430269842653,0.6999999999999996
27.543323600923888,89646.99126260378,43168.062175942316,-1.5908508997786568,-0.08921925381660237,2.4163413705928276,0.7000000000000015
27.868473118923674,89646.9765445351,43167.73730928303,-1.6520186168311077,-0.28694913407263467,2.5087676146742104,0.700000000000001
28.196585111427442,89646.93156044689,43167.41454602542,-1.7766235234173133,-0.4715312811809337,2.5987057805652802,0.6999999999999996
28.524918132924384,89646.92719072186,43167.096385967074,-1.2830849362027736,1.2651900327854515,2.6856913381919227,0.7000000000000002
28.861169553814825,89647.04969234036,43166.78332233765,-1.1895118918799414,-0.1318340701313087,2.771946960763452,0.7
29.188765197581006,89647.16189165605,43166.47077383503,-1.278247170025573,-0.41161334787256626,2.85347574977577,0.7
29.510034966440404,89647.22904859077,43166.15460084069,-1.4615156072828643,-0.7192401858018147,2.9312286725810988,0.7000000000000014
29.83477656947418,89647.22511444167,43165.831189297445,-1.6440031230500574,1.003949471410726,3.0077798747928406,0.7000000000000005
30.157698589641658,89647.29187967851,43165.52657839607,-1.098554508689579,1.1580616776392272,3.0820172944750497,0.7000000000000003
30.502136107053882,89647.48021075747,43165.24830010179,-0.9145480493228244,0.04470245523053846,3.159278893643361,0.7000000000000011
30.827427951684598,89647.67395651923,43164.97314295654,-1.0357870505868199,-0.3970848391105796,3.2305497535718937,0.699999999999999
31.15261673110427,89647.83494733191,43164.6924048557,-1.035009714849533,0.14433992844638277,3.3002599899842684,0.699999999999999
31.480661225157785,89648.00870582795,43164.415658558784,-0.9839444621676007,0.16875133365793513,3.3691212939230732,0.7000000000000005
31.80950415437296,89648.19855104938,43164.14751670608,-0.9239372479109584,0.19719122742354586,3.4367656879786157,0.6999999999999997
32.137660903479734,89648.40538136156,43163.892267245654,-0.8538695573203742,0.23001662183201163,3.502967005670566,0.6999999999999992
32.46437416427155,89648.6300951298,43163.6541981256,-0.7726169137237121,0.26684152990867616,3.5676569913495255,0.6999999999999975
32.78979353501844,89648.87359071944,43163.43759729397,-0.6792728155302038,0.30598144269789523,3.630945266314379,0.699999999999999
33.1151291812137,89649.13621788306,43163.24593161944,-0.5844617838307973,0.26279761221911235,3.693133281056096,0.7000000000000022
33.44111447698027,89649.4146432701,43163.077155666564,-0.5086977061227134,0.20285015124943007,3.7544124501334903,0.6999999999999997
33.76707268723367,89649.70401767954,43162.92695530753,-0.45195098035988407,0.14574406801733844,3.8147023920709886,0.6999999999999994
34.0921054956922,89649.9997287273,43162.79107375768,-0.4114404170754698,0.10798848311089734,3.8738869720106788,0.7000000000000016
34.416943001746894,89650.29950188004,43162.66587730018,-0.38152664563379945,0.07603079853434698,3.932146078211062,0.7000000000000011
34.742133260914706,89650.60237420302,43162.54808177632,-0.36207852057213874,0.04364407000817315,3.9896164155499427,0.7000000000000038
35.06798187079804,89650.90740201603,43162.434429700035,-0.3522323872143002,0.0350828305496526,4.046384459868124,0.7000000000000033
35.393702983541345,89651.21431748288,43162.324911278636,-0.3294934907196113,0.10466293932104001,4.102345274949791,0.6999999999999973
35.71853231571604,89651.5242238919,43162.22610550435,-0.28391695317664445,0.17588753431563614,4.157402773360724,0.6999999999999978
36.0427271097232,89651.83839038294,43162.14538832724,-0.21526322160880143,0.23755150351710197,4.211635137515769,0.7000000000000011
36.367521856071505,89652.15744562392,43162.086970053526,-0.1512979844264062,0.1566821440118283,4.265276447833727,0.6999999999999967
36.693188509389984,89652.47993183091,43162.04474833911,-0.1134150736427401,0.07657700382665882,4.318392813430821,0.6999999999999951
37.01904197287324,89652.80396706151,43162.01052436348,-0.10131701573859885,-0.0022011879192255857,4.370893654616584,0.7000000000000005
37.34430186157478,89653.12774652512,43161.97642615086,-0.10952936947134848,-0.024106225267564382,4.4226773773529615,0.7000000000000011
37.669182111771796,89653.45074050974,43161.93998346016,-0.11407841210676256,-0.0038513928707138777,4.473802357550621,0.7000000000000005
37.99399294039489,89653.77346648299,43161.90316231394,-0.11202611237550708,0.016488273922368214,4.524338923477973,0.7000000000000038
38.31896931760273,89654.09644049888,43161.867929496715,-0.10531986982695447,0.017825170748059827,4.574342534462063,0.6999999999999994
38.644036880565366,89654.41975064471,43161.834527832485,-0.10109553473870171,0.00817393711925023,4.623819223405744,0.699999999999999
38.969080285048875,89654.74318260353,43161.80198198195,-0.1000026558125697,-0.0011495817328604511,4.672768448897656,0.699999999999999
39.29406454745416,89655.06656204628,43161.769460546464,-0.10049913947037203,-0.0019056195604638874,4.721201430184991,0.6999999999999967
39.619028173221956,89655.38988158377,43161.736742869514,-0.10124120540483546,-0.002661218804547038,4.769139547177847,0.7000000000000038
39.94400984535033,89655.71317139541,43161.70374573762,-0.10222863636235702,-0.0034155680676184164,4.816603197424036,0.7000000000000016
40.26904848290339,89656.03646166055,43161.67038593735,-0.10346103872801665,-0.0041678507410682734,4.863611873290234,0.7000000000000005
40.59418329922185,89656.35978255857,43161.63658025525,-0.10493784126655065,-0.004917244962761243,4.910184232475964,0.7000000000000033
40.919347181365076,89656.68316382336,43161.60247315945,-0.10360694218015964,0.02176183226236346,4.95632309599123,0.7000000000000005
41.24418186911531,89657.00663032924,43161.570692848945,-0.09012207808467197,0.06128403556449441,5.001990323331945,0.7000000000000022
41.56867832131397,89657.33022425398,43161.545072775036,-0.06858686816365672,0.05272524279870336,5.047197462729643,0.7
41.893679416867265,89657.65427434894,43161.52490714488,-0.057836245919046084,0.013502070945771223,5.092072639069396,0.004910054115525627
42.21999024661248,89657.97932160461,43161.506112332776,-0.05978573765184393,-0.02531136288561829,5.047831037325155,-1.1430070659540816
42.545318677168,89658.30519287674,43161.489881025445,-0.022336417712064134,0.27771930344472856,4.94363704205775,-1.600000000000002
42.86787197400847,89658.62828415312,43161.50294610115,0.11677054521462102,0.47836592175166953,4.838117056636391,-1.6000000000000028
43.19287828841869,89658.94620612093,43161.56174830302,0.2376832355181246,0.2691074268427696,4.7294139644995425,-1.6000000000000043
43.5204642473488,89659.26078617704,43161.64898873321,0.29249118681946873,0.06908799736065128,4.617259076446429,-1.6000000000000039
43.84726703875589,89659.57431573803,43161.74365569056,0.28338467079800594,-0.1253772057777845,4.5025895267639315,-1.5999999999999994
44.173359904409025,89659.88976921559,43161.82508450257,0.2239652464513722,0.005133223506446084,4.385181327657296,-1.5999999999999979
44.495760813898826,89660.20215435831,43161.911520408656,0.35735721330407666,0.6594083260090913,4.265926905851393,-0.4443924184483503
44.821321285376534,89660.49351479943,43162.05124580501,0.5198570248206106,0.34430651314989724,4.319018062723938,0.7000000000000005
45.149893881420425,89660.77098174818,43162.2250668045,0.583282832762172,0.047794644436747635,4.371946781537612,0.6999999999999984
45.47526545647736,89661.04573289398,43162.40327777958,0.5515744452380024,-0.24555063915576053,4.423735849446347,0.7000000000000027
45.8024357389389,89661.32609879591,43162.56998418904,0.5411456616086079,0.13462029011406293,4.475206951764683,0.7000000000000011
46.12689072666796,89661.59868569265,43162.74872395785,0.6373176593501698,0.4603167763140219,4.525672794617794,0.6999999999999973
46.4515566837092,89661.84040893729,43162.96351234603,0.8152186056254593,0.4180117231444255,4.575614339495995,0.6999999999999978
46.777717954587565,89662.05468585949,43163.209047012446,0.8635101371624427,-0.045711847851973623,4.625242951784379,0.6999999999999984
47.10301353937946,89662.26794994056,43163.455209226646,0.8510790900185466,-0.030554534344607604,4.674215033750558,0.7000000000000011
47.42779020568667,89662.48319436706,43163.6987257104,0.8436524725198197,-0.015106763143571346,4.7226024091140495,0.7000000000000033
47.7523582443429,89662.69939009221,43163.94091420266,0.841276710966516,0.0004853356450759551,4.770468401392944,0.7000000000000038
48.07701624372363,89662.91550806924,43164.18309244244,0.8439683034860331,0.01608989676171515,4.817871933522265,0.7000000000000055
48.40190847470019,89663.13071632614,43164.42633644878,0.8486407954541042,0.011118282991634379,4.8648472834395085,0.7000000000000016
48.72695988705869,89663.34517528026,43164.67050503596,0.8511738369936194,0.004475232313763441,4.911396040688499,0.7000000000000011
49.0520889962392,89663.55935702757,43164.91507473222,0.8515513095712757,-0.0021512377932140832,4.957518716186897,0.7000000000000033
49.37721352396425,89663.77373377595,43165.15952192842,0.8497750411895735,-0.008776159045670582,5.003215582019073,0.6999999999999984
49.70226520071111,89663.98876136496,43165.4033394182,0.8463549437456881,-0.007876953558208371,5.04848873501804,0.6999999999999984
50.02726515215706,89664.20432041462,43165.646596423605,0.8456503230201269,0.0035431176227863127,5.093352377327567,0.6999999999999978
50.352253312169104,89664.41957785646,43165.89007735487,0.8486581956068887,0.014967020274000518,5.137822677325993,0.6999999999999994
50.67728050065369,89664.63365615552,43166.13461118224,0.8553776707980391,0.02637947294455695,5.181916626840271,0.6999999999999984
51.00241030310664,89664.84570227964,43166.381004384966,0.8648485150408105,0.01945986090368536,5.225652270382884,0.6999999999999956
51.32754894756762,89665.05647197374,43166.6285867551,0.8637638813936919,-0.02613133760344765,5.269026072549192,0.58079631031968
51.65258353164171,89665.2692977291,43166.87432290394,0.8478501053009488,-0.07179270729971352,5.2974218328694,-0.5692438520757666
51.97763141076425,89665.48774370318,43167.11496479784,0.8170944881864896,-0.11741741398476999,5.198319426715643,-1.6000000000000016
52.30291879079255,89665.71548826828,43167.34708383919,0.7666198213922714,-0.24088922935442464,5.097215440422221,-1.6000000000000005
52.62786021080737,89665.96070031523,43167.560075019035,0.6591362714496085,-0.2764944215392195,4.994175878163611,-1.600000000000005
52.952848528815835,89666.22227115766,43167.753202862375,0.6345591916030123,0.11360865813808849,4.888949793606413,-1.6000000000000043
53.278475652097,89666.4815010321,43167.949270564895,0.6549645519630624,-0.01580193326319344,4.781194755487843,-1.5999999999999972
53.60322462493685,89666.75418725984,43168.12398084705,0.4543477793349396,-0.549938378614171,4.671255353415925,-0.6735543768279753
53.929583325285726,89667.0533767904,43168.25408392703,0.4090584173201242,0.17069520714449585,4.688572324682575,-0.6738412206139851
54.25453395489786,89667.34941471744,43168.38948387771,0.4409237450663205,0.024187577086581282,4.576337884053202,-1.6000000000000012
54.57903281800352,89667.64357708582,43168.52682287844,0.424621906726195,-0.12472663275623816,4.461442823468931,-1.5999999999999983
54.90449883263476,89667.94317268865,43168.65229982598,0.3624857019171724,-0.22978072203640487,4.3431533268194045,-1.5999999999999983
55.23050569167668,89668.25199947493,43168.75589052605,0.2833195512932399,-0.25688822822628504,4.221345623296949,-1.5999999999999983
55.5563997009943,89668.56853836482,43168.833290757786,0.19463030412430038,-0.28777134803737664,4.095961186524103,-1.6000000000000014
55.88227051498481,89668.89079487306,43168.88079575343,0.0979145140685251,-0.29059505176938133,3.9666246906837928,-1.5999999999999996
56.20772430819217,89669.2159770817,43168.89773128895,0.0075330458166134266,-0.2651770060647516,3.8331004811351796,-1.6000000000000005
56.53178431854454,89669.54049181448,43168.886642902195,-0.07298447602719269,-0.19907966624188686,3.6953575287583695,-1.6000000000000005
56.855692743902495,89669.86286926927,43168.85567856248,-0.10901960431308176,-0.023086930219232197,3.552345746715219,-1.5999999999999996
57.18028878837533,89670.18531844419,43168.822269703036,-0.08797463567321462,0.15243592011797286,3.403006459278712,-1.6000000000000008
57.507570239665654,89670.51040646313,43168.80475148873,-0.010575712845859179,0.3200256207865358,3.245481831371668,-1.6000000000000005
57.835696331643845,89670.8401322769,43168.81877444587,0.03738223337634882,-1.2654024758471936,3.079472166367701,-0.4468321723272755
58.16563515078368,89671.1439633849,43168.721686066834,-0.4714998269629547,0.9785659597840077,3.1535794218996847,0.6999999999999997
58.49191513810939,89671.45187434304,43168.618499716475,-0.2214557345596948,0.32275584042537203,3.225190715676384,0.699999999999999
58.81995462006545,89671.77273760687,43168.54886220933,-0.24462128068018787,-0.4059829796796853,3.2956198851238336,0.3273627683179714
59.142477125148346,89672.07705356012,43168.43851754896,-0.4896187346926633,-1.1082589145868522,3.290561456433259,0.3261347016735884
59.468379651682326,89672.3481452741,43168.259051784975,-0.598126330379341,0.24851233604434225,3.3591752314685435,0.7000000000000011
59.79289519451555,89672.6223510822,43168.08476489807,-0.542857886168839,0.08996564644001107,3.4261319291116417,0.6999999999999994
60.11821918796457,89672.90141595236,43167.91861151029,-0.539951031747448,-0.0716937279465811,3.4919670082214243,0.6999999999999984
60.44548776189772,89673.17801609552,43167.74546519207,-0.5838619089910758,-0.17058507012380733,3.556966346483095,0.7
60.772757220844404,89673.44546902779,43167.556666273325,-0.6484768987145649,-0.22502372455441388,3.620799198041594,0.7000000000000003
61.09867864725228,89673.69765199236,43167.34919922955,-0.7316317434150568,-0.28499066754251434,3.683269855645887,0.6999999999999997
61.42344728576903,89673.92846102583,43167.120238043935,-0.8345432024437577,-0.34787710317547327,3.744482998149828,0.6999999999999984
61.74871129761429,89674.133039494,43166.86800463593,-0.9357547428535251,-0.21625731591576045,3.8048025625538697,0.6999999999999994
62.07377345485555,89674.31937170305,43166.601446814755,-0.9794985287536897,-0.10112599606506557,3.8641440915362164,0.7000000000000014
62.39874693703205,89674.4963652827,43166.3289064869,-1.009047663632325,-0.08065060650065435,3.922572170808506,0.6999999999999997
62.72398524403466,89674.66621253076,43166.051730595434,-1.0318967534678043,-0.05990701020768029,3.980189199649309,0.6999999999999986
63.04949225043449,89674.83054867163,43165.77085763414,-1.0527330370620276,-0.09022077569447522,4.037030576297976,0.6999999999999967
63.37453559254106,89674.98639161617,43165.48532369596,-1.0934423238429674,-0.16031593838647393,4.093003365856662,0.7
63.69915867561571,89675.1269049991,43165.192576878646,-1.156488553354433,-0.20719883322985277,4.148150053845507,0.7000000000000038
64.02424355642896,89675.24924409008,43164.89172248194,-1.2071104518640092,-0.10454807098663178,4.202650080884325,0.7
64.34967110846893,89675.36146544866,43164.58639068605,-1.2245385576292886,-0.002774946914385544,4.256508695540628,0.6999999999999973
64.67484375485273,89675.47320311605,43164.28086026267,-1.2133723383207131,0.041106948064440096,4.3096528839513635,0.6999999999999973
64.99982454949235,89675.58862956117,43163.97698163429,-1.2032955773156673,0.020870326202977376,4.362118876491763,0.7000000000000005
65.32474554225693,89675.7060704018,43163.6740055699,-1.1998125581196062,0.000561284633179832,4.413951798843774,0.7000000000000005
65.64970979494808,89675.82357649811,43163.371060703306,-1.2025441558258365,-0.011998271068187192,4.465189854450065,0.6999999999999978
65.97472624918628,89675.94005877785,43163.06766018157,-1.2056408707111446,-0.007060175439650664,4.515854677933875,0.6999999999999967
66.29976796444568,89676.0558584676,43162.76395660024,-1.2071338890333705,-0.0021273940959569203,4.565961221208567,0.6999999999999967
66.62480566612118,89676.17145193607,43162.46016297328,-1.2070239695920284,0.00280381508391468,4.615523226669553,0.7000000000000016
66.94982259899248,89676.28726869528,43162.15647115781,-1.2059546734447313,0.0023553882807164006,4.664555537448981,0.7
67.27483418710392,89676.4033108145,43161.852880010665,-1.205575756638473,-2.376410907802203e-05,4.713076976381986,0.699999999999994
67.599851613278,89676.51936433489,43161.54929137569,-1.2057866166034328,-0.0008059230408782173,4.76110480686423,0.6999999999999962
67.9248703128666,89676.63534066873,43161.24566902932,-1.2060681390183823,-0.0009264331963372896,4.808653154613016,0.7000000000000033
68.24988477694063,89676.75122504536,43160.9420131601,-1.2063888381203276,-0.0010470089936664973,4.855735311059836,0.7000000000000033
68.57489185764979,89676.8670076386,43160.6383254396,-1.2066848356102244,-0.0005116128264638244,4.902364258606879,0.7000000000000016
68.89989806956363,89676.98273928746,43160.33462312365,-1.2066928358942859,0.00046238420551488276,4.948553730206995,0.7000000000000005
69.22491097750644,89677.09851761049,43160.03093548522,-1.2063842864627499,0.001436294531757593,4.994316979514365,0.7000000000000011
69.54993824152943,89677.2144414341,43159.72729210764,-1.2057592285762935,0.002409912046954365,5.039666681586956,0.7000000000000016
69.87498770234153,89677.33060958341,43159.42372257373,-1.2048183746891317,0.003207641760148824,5.0846149811597945,0.7000000000000027
70.20004077690629,89677.4469774862,43159.12021117571,-1.2049155535356868,-0.0038055128960384627,5.129169894926984,0.7000000000000022
70.52505546181075,89677.5629635301,43158.81657258673,-1.2072926460835132,-0.010822512101953547,5.173335903446782,0.06150059754482382
70.84999503987746,89677.67786040471,43158.512581779425,-1.2119513191303433,-0.017850652514339153,5.136957169582432,-1.0886150230288023
71.17498777501959,89677.79156667643,43158.208195890475,-1.2114196454235708,0.03409094020714989,5.0347147098588945,-1.6
71.50042164660391,89677.90851493744,43157.90473451935,-1.1958253981610714,-0.011502241269452715,4.930209307990858,-1.6000000000000032
71.82512073641792,89678.02288134432,43157.60039531401,-1.240556776773088,-0.26451040949184507,4.823683937945653,-1.6000000000000065
72.15028229000342,89678.11297700265,43157.28856271038,-1.3340919758701442,-0.2184124365931032,4.714595397456845,-1.6000000000000016
72.47653721701738,89678.18088596813,43156.96993666467,-1.382566687508407,-0.13687963827191685,4.60254212313984,-1.5999999999999983
72.8022575451711,89678.23370441476,43156.64817446644,-1.4368825475568543,-0.19690895067068126,4.487882456703237,-1.5999999999999972
73.1265822097977,89678.26566264739,43156.32478431623,-1.5111650750801056,-0.26073702853750025,4.370726486338348,-1.5999999999999979
73.45050220876189,89678.2714882365,43156.001018969204,-1.5862571002804264,-0.1269276747505849,4.250494797278802,-1.6000000000000016
73.77587595213964,89678.2642904521,43155.67653766511,-1.5858953194581074,0.12801290466924928,4.126198013048495,-1.6000000000000034
74.10479364974576,89678.27057773795,43155.34983863772,-1.5063805524922775,0.24248860874552033,3.9966202484781785,-1.6000000000000019
74.43034561049372,89678.29064054358,43155.02212187049,-1.5565934909198385,-0.5606560746446607,3.8640920196279374,-1.5999999999999985
74.75588390991553,89678.25187650023,43154.70208773419,-1.8392997608113957,-0.19981663648729237,3.7268598817238257,-1.5999999999999976
75.08078932117459,89678.15916688966,43154.3904498172,-1.8796020840107484,-0.11547976956822265,3.584659992520004,-1.6000000000000003
75.40577147982407,89678.05491900789,43154.08275423355,-1.9144086480551215,-0.09867475265830682,3.4365454098986077,-1.6000000000000012
75.73136352181655,89677.94073366372,43153.778219380074,-1.943701621852369,-0.08141341848836235,3.2814554423181272,-1.5999999999999979
76.05772063693021,89677.81845455062,43153.47600196025,-1.9628045870173099,-0.007053928974746891,3.118269881128881,-1.6
76.38352483704976,89677.69565643727,43153.173803675476,-1.9435081211542808,0.12576437421381295,2.946359382555524,-1.6000000000000019
76.70808599766438,89677.58572426092,43152.8678511448,-1.880605706355058,0.26165498735340315,2.7644959571694403,-1.5999999999999996
77.02826948585533,89677.50113156052,43152.554871087195,-1.848606732836987,-1.8132775247625477,2.572518364364994,-0.44324705047895024
77.35223550369693,89677.34215961353,43152.28428283843,-2.305964958207502,-0.9401686491078427,2.659211003281496,0.6999999999999997
77.69702010052508,89677.09224638151,43152.06024463467,-2.468997576997617,-0.10176009314449427,2.7484725931929517,0.6999999999999987
78.03440490398185,89676.8284177909,43151.8406521633,-2.3879559681831735,0.48215168499997224,2.8330973016068945,0.699999999999999
78.36176036795466,89676.60264947954,43151.59806103692,-2.266140885744828,0.23911639786011166,2.912857354889559,0.7000000000000005
78.68429503490228,89676.40056441129,43151.34385776738,-2.2343522776376816,-0.048074825874828565,2.9893622235622206,0.7000000000000008
79.00439242123231,89676.19692419625,43151.095785145815,-2.2981471916450174,-0.3502400090897353,3.0634005360910463,0.7000000000000022
79.32879342811152,89675.96687186627,43150.871425789046,-2.4471949452150454,-0.48012081596389905,3.1366517585083957,0.7000000000000008
79.65629781560224,89675.70163643308,43150.68160716004,-2.589151134950978,-0.39698670855649604,3.2089079757202166,0.6999999999999986
79.98156875484224,89675.413914037,43150.52771902082,-2.7066260709922707,-0.301111522029255,3.279095868006426,0.6999999999999997
80.30671298952358,89675.11382337385,43150.40298760271,-2.7807437902817678,-0.1542051213319938,3.347786080401596,0.7000000000000022
80.63223432532631,89674.80749411535,43150.29332647404,-2.806915505801707,-0.006926219268401547,3.415172251915635,0.7000000000000016
80.9574508226585,89674.50084932763,43150.18444852824,-2.788429710620843,0.07914243544877206,3.4811929861068576,0.6999999999999986
81.28245787146447,89674.19701918984,43150.068822767826,-2.769877568242363,0.03493953265426474,3.5459433829163065,0.6999999999999992
81.60739356872672,89673.89463558976,43149.94979974867,-2.765728489960126,-0.009415673870142752,3.6095185899251283,0.7
81.93233476543838,89673.59192700533,43149.83170572342,-2.775543541715386,-0.04095183214954539,3.671994298254208,0.6999999999999984
82.2573362553102,89673.28781109717,43149.71717103809,-2.7864789354166284,-0.026351582138138478,3.7334359793937737,0.7000000000000003
82.58238857781797,89672.98266912455,43149.60522448614,-2.792673465980687,-0.011768656634154509,3.793892126002376,0.7000000000000016
82.90745365079826,89672.67706938983,43149.49443459524,-2.794130745441689,0.0028015183446106966,3.853402206611093,0.7000000000000016
83.23248828164186,89672.37157857895,43149.38337396165,-2.7910333649660775,0.012355605234673333,3.9120016678289247,0.7000000000000005
83.55749893764477,89672.06650182178,43149.27127362118,-2.7883148659079557,0.0043715562479254375,3.9697319767838675,0.7000000000000003
83.88250809256024,89671.76159621602,43149.158744221655,-2.788191795086087,-0.0035188362575660796,4.026634423980158,0.6999999999999973
84.20752421943477,89671.45661266912,43149.04641234713,-2.7891154158154334,-0.002164808508348886,4.08274507678429,0.6999999999999923
84.53254337564267,89671.15154543582,43148.93429335029,-2.7895990058952345,-0.000810990924217569,4.138095477474803,0.6999999999999923
84.85756141108075,89670.84644775226,43148.82225443624,-2.78964259566366,0.0005427653464585502,4.192715042822576,0.6999999999999967
85.1825778059219,89670.54136029989,43148.71019397929,-2.7896109771797093,-0.00046763933022514963,4.246631886929725,0.7
85.5075944673254,89670.23626256989,43148.59816216452,-2.789736111418059,-0.00030237859606470027,4.299872754983946,0.6999999999999994
85.83261122669276,89669.93115365942,43148.486160271685,-2.7898075334247436,-0.00013711895540181982,4.352462426278661,0.6999999999999984
86.15762793378707,89669.62603964754,43148.37417223151,-2.7898306143283085,-4.11778116784013e-05,4.404424203241504,0.6999999999999973
86.48264458295904,89669.32092407049,43148.262188640976,-2.789840767933616,-2.1302702412076613e-05,4.455780051903406,0.6999999999999951
86.80766119507408,89669.01580776263,43148.15020717932,-2.789844461792833,-1.4275731559793044e-06,4.506550690705849,0.6999999999999962
87.13267779097433,89668.71069142783,43148.03822586842,-2.7898416959030383,1.8447564610377564e-05,4.556755683834905,0.7000000000000038
87.45769439151934,89668.40557576988,43147.92624273011,-2.7898324702637978,3.8322699410148066e-05,4.606413529300722,0.7000000000000038
87.78271101425601,89668.10046140477,43147.81425602706,-2.7898218189179183,-7.708581116276882e-06,4.655541738053271,0.7000000000000038
88.10772765396948,89667.79534661281,43147.70227042623,-2.7898438815911697,-0.00012805476308788656,4.704156903245781,0.7000000000000011
88.43274430201035,89667.49022715802,43147.59029749426,-2.7899036549518526,-0.00020058312144390295,4.752274768740982,0.699999999999994
88.75776094971573,89667.18510128304,43147.47834204623,-2.789945390231888,-5.6236217529925945e-05,4.799910289203297,0.6999999999999945
89.08277758671794,89666.87997336697,43147.3663921771,-2.789940210365453,8.811069147698793e-05,4.847077684151841,0.7000000000000011
89.40779420288625,89666.57484867187,43147.25443357539,-2.7898881153474404,0.00023245764650901642,4.893790487836439,0.7000000000000027
89.73281079143128,89666.26973242944,43147.14245201269,-2.7897928094503377,0.0002733608922688741,4.940061595041245,0.7000000000000011
90.05782737324998,89665.96462480618,43147.03044702548,-2.789756792896039,-5.1731880144514646e-05,4.98590330605675,0.7000000000000044
90.38284397933849,89665.65951529163,43146.918447165306,-2.7898264368836423,-0.00037682458882492035,5.031327362224759,0.699999999999999
90.70786064786799,89665.3543920229,43146.806484659566,-2.7900017413664164,-0.0007019169082555296,5.076344980575379,0.6999999999999929
91.03287743507025,89665.04924313702,43146.694591735686,-2.7902827062095388,-0.001027008323609341,5.120966887600036,0.7000000000000005
91.3578942460788,89664.7440678605,43146.58277048518,-2.7902991782916295,0.0014924382350118704,5.165203326037416,0.7000000000000061
91.68291081280832,89664.43894718257,43146.47080080823,-2.789289650123476,0.004719726470407234,5.209064080305531,0.700000000000005
92.00792777496827,89664.13399579636,43146.358371014736,-2.7874440893270434,0.004306587870229408,5.252558646959902,0.7000000000000005
92.3329449051837,89663.8291853641,43146.24555811977,-2.7871639061328324,-0.0025824688480444082,5.295696018660327,0.6999999999999945
92.65796150118906,89663.52428071269,43146.13300124032,-2.7891227868786883,-0.009471565871378639,5.338484762220676,0.6999999999999978
92.98298113733941,89663.21903053462,43146.02138334131,-2.7933207094258283,-0.0163601913479411,5.380933659419417,0.7000000000000005
93.30801333205018,89662.91319891436,43145.91134555875,-2.7987939712345313,-0.009363860040669223,5.423051919322543,0.6999999999999984
93.63304213960944,89662.6070628571,43145.802135144026,-2.797673288252009,0.01626012186462337,5.464845144215056,0.6999999999999984
93.95805876410516,89662.30152006414,43145.69131257911,-2.7882234717927528,0.04188910520945891,5.506319616998716,0.6999999999999978
94.28313115238073,89661.99750543006,43145.57633727137,-2.770446304242135,0.06748151866410877,5.54749106066253,0.699999999999999
94.60834048915453,89661.69600473827,43145.45460299208,-2.742860494857475,0.11176124322446858,5.588376341981094,0.7000000000000033
94.9333497751993,89661.39922093108,43145.32193362211,-2.6960854578100615,0.17609945728175372,5.628939788279555,0.7000000000000022
95.25845538155463,89661.11036887199,43145.17303515358,-2.6362739004990488,0.16345623749012306,5.6692249019574215,0.6999999999999994
95.58359195000112,89660.82963660291,43145.00900882158,-2.592447755467831,0.10629908810005466,5.709229561403117,0.699999999999999
95.90842233194077,89660.55926157632,43144.82912437241,-2.5083368283070904,0.2571568942878552,5.748918569567214,0.6999999999999978
96.23413026300165,89660.30400951245,43144.62760927334,-2.4450271050741437,0.13256263503969562,5.788441571183038,0.6999999999999967
96.55981232303765,89660.05723764896,43144.414853440525,-2.4217667362415987,0.010446657876878708,5.827693429398149,0.6999999999999978
96.88525261116345,89659.81421365464,43144.19860238935,-2.387844291368153,0.23760156892317305,5.866653825685174,0.7
97.21043876801252,89659.58666887933,43143.96616173651,-2.2995458227612895,0.3060021610672148,5.905327063763292,0.7
97.53564345902254,89659.382123591,43143.713612058345,-2.2104600405331305,0.20079079428098082,5.943750860982416,0.7000000000000011
97.86056545456141,89659.19439949404,43143.44813567094,-2.169643233174371,0.07568245745196268,5.981894774332263,0.6999999999999967
98.18615090267913,89659.01429548247,43143.17751155955,-2.146884273840205,0.07365077879710484,6.019874144743263,0.6999999999999934
98.51186649312196,89658.84151452167,43142.90129224833,-2.1075048233833322,0.16858717081438465,6.057630439798089,0.6999999999999956
98.83635118818577,89658.68452899721,43142.61664168878,-2.0367089852033335,0.2676469253676292,6.0950114945139955,0.7000000000000022
99.16045388087832,89658.55253638014,43142.32074957245,-1.9452961209630264,0.2561558337640431,6.132121075780166,0.7000000000000055
99.48577189729131,89658.44520999522,43142.01443097797,-1.87440190599245,0.18070152559622796,6.169145330676324,0.7000000000000054
99.81236930388727,89658.35569186187,43141.7009871397,-1.8275681999764308,0.10712545599275669,6.206093012535328,0.7000000000000044
100.13922578580784,89658.276996374,43141.383767872816,-1.8042439844197833,0.03586288255373644,6.242851075824942,0.7000000000000065
100.46529378631053,89658.20258641805,43141.06588920887,-1.7980205285343933,0.015167941286164997,6.279306072778456,0.7000000000000055
100.79069372724065,89658.12993728567,43140.74837565071,-1.793622519800215,0.011825202242814407,6.315476599033091,0.6999999999999967
101.11560198197735,89658.0586373006,43140.43115025036,-1.7903287204516622,0.00842687750527833,6.351386953222575,0.6999999999999934
101.44019134444939,89657.98829370427,43140.11412619865,-1.7881494335827968,0.004989347525383347,6.387060461356758,0.6999999999999913
101.7646322311945,89657.91851373813,43139.79721668641,-1.7870913973258136,0.0015289381261293425,6.422519644070382,0.6999999999999912
102.0890939019436,89657.84890464362,43139.480334904525,-1.7871578132429904,-0.0019380672560246435,6.457786379055805,0.6999999999999978
102.41374401846186,89657.77907381681,43139.163394078445,-1.7883373709412669,-0.004834517158055809,6.492881877921717,0.7000000000000033
102.73861195306019,89657.70875185909,43138.84633503006,-1.7897132965778129,-0.0036401885428318124,6.527812052217949,0.7000000000000087
103.06363817073655,89657.63801403249,43138.529175780845,-1.7907029729440194,-0.0024519783879900447,6.562573191502616,0.7000000000000055
103.38876276480974,89657.56699540741,43138.21194774856,-1.7913075102801423,-0.0012679185178698401,6.597161611294004,0.6999999999999902
103.71392560182348,89657.4958310542,43137.89468235098,-1.7915275930034238,-8.603974088047772e-05,6.631573666736314,0.699999999999999
104.03906646581325,89657.42465604318,43137.57741100586,-1.7913634789278754,0.0010956274472619138,6.665805765767272,0.7000000000000011
104.36414691668153,89657.3535930292,43137.26016226248,-1.7909542984132858,0.0011528206399933363,6.6998566505673685,0.7
104.6891796649762,89657.28266055604,43136.94294061651,-1.7906276947283513,0.0008566318443532608,6.7337303915262545,0.7000000000000065
105.01417952948039,89657.21182519049,43136.62573855488,-1.7903974562398899,0.0005601031727826375,6.767431181480178,0.7000000000000011
105.33916130733225,89657.14105311608,43136.30854847602,-1.7902636436642994,0.0002633562053754446,6.80096311452009,0.7000000000000022
105.66413978308691,89657.07031051638,43135.991362778375,-1.7902262913715408,-3.3487515888913965e-05,6.834330190378522,0.27002917635441565
105.98912973778667,89656.99956357495,43135.67417386033,-1.790285407399495,-0.00033030647383431477,6.826721040508889,-0.8799839715539584
106.31413841635818,89656.92878256598,43135.356975340845,-1.7903994494076492,-0.0003185472081399087,6.750117954043318,-1.5999999999999979
106.63915895155193,89656.85796538695,43135.0397690809,-1.7904906893543162,-0.00024291001821300236,6.672632664914046,-1.5999999999999979
106.96418415027694,89656.7871213639,43134.722560351336,-1.790557353267948,-0.00016730394275289153,6.594235819635048,-1.6000000000000012
107.28920687336893,89656.71625986342,43134.405354430826,-1.7905990608946247,-7.098067461308e-05,6.514896264029347,-1.6000000000000043
107.6142250759838,89656.64539411681,43134.08815374033,-1.790580415249149,0.0001857193418290167,6.434579635275016,-1.5999999999999979
107.93924003710663,89656.57454836337,43133.77095256099,-1.7904783358023677,0.000442431761628125,6.353248555432323,-1.5999999999999956
108.2642530440269,89656.50374878939,43133.45374373425,-1.790292821266938,0.0006991474399426932,6.270863224864502,-1.5999999999999968
108.58926556648886,89656.4330167871,43133.136521135515,-1.790099008378726,0.00018844191678589757,6.187381151430689,-1.5999999999999968
108.91427975657633,89656.36230271554,43132.81929395948,-1.7902030370031996,-0.000828585445535649,6.102756762709771,-1.5999999999999945
109.23929787539028,89656.29150260946,43132.502083116764,-1.790637607728323,-0.0018455460093299758,6.016941259859134,-1.5999999999999945
109.5643223240885,89656.22051112652,43132.18490981495,-1.7914026992282381,-0.002862372407295684,5.929882282875516,-1.5999999999999968
109.88935264307325,89656.14925171023,43131.86778956163,-1.7921311361650754,-0.0008157809842304914,5.841524361672192,-1.5999999999999979
110.2143804089431,89656.07790909646,43131.550686124945,-1.7918864939868238,0.0023211716872094247,5.751809977496319,-1.5999999999999912
110.53939706191693,89656.00680725538,43131.23353570274,-1.7906222040252875,0.005458699371643384,5.660677055592375,-1.599999999999994
110.8643952992893,89655.93627145569,43130.91627423577,-1.7883380690733504,0.008597446175448322,5.568058042811549,-1.6000000000000054
111.1893714193017,89655.86661977823,43130.59883908252,-1.7852425934564717,0.007769065752263263,5.4738785868960145,-1.6000000000000032
111.51434019450257,89655.79770795896,43130.281258799914,-1.7841992230657922,-0.0013480784555046294,5.378052315051976,-1.599999999999999
111.83932026264065,89655.72865663224,43129.963706944836,-1.7861187181328093,-0.010464633823523386,5.280483925304009,-1.5999999999999972
112.164335805383,89655.65852098922,43129.64636998297,-1.7910003722850092,-0.019574894049469015,5.181067529826119,-1.5999999999999945
112.48942509991166,89655.58635622107,43129.32943438004,-1.7988418609725985,-0.028669034880762227,5.079682569425656,-1.6000000000000005
112.81464905046819,89655.511217519,43129.01308660173,-1.8096379621758125,-0.037729567145813214,4.9761891407326875,-1.600000000000005
113.13995080301514,89655.43204570541,43128.697592110766,-1.824627019078258,-0.05473507313446732,4.870471512717807,-1.5999999999999994
113.4651731278516,89655.34727163032,43128.38356861906,-1.8452612011573097,-0.0721612798983315,4.762434389754783,-1.599999999999999
113.79027254173488,89655.25518405423,43128.071731982775,-1.8715733416381903,-0.08969243608323849,4.651931125058981,-1.6000000000000028
114.11535136561874,89655.15407173174,43127.76279806231,-1.9035796982967212,-0.10720554093236019,4.538745526669696,-1.599999999999999
114.44061138985055,89655.04226691503,43127.457480238445,-1.9405153428854582,-0.11567999178799447,4.422598656708789,-1.5999999999999956
114.76593941094666,89654.91903096999,43127.15643892867,-1.9782099265525999,-0.1161348888873135,4.303292833495628,-1.599999999999999
115.09116762460226,89654.78451639459,43126.86028375215,-2.016116716885705,-0.1169957035596647,4.18062183498064,-1.5999999999999972
115.41671207384584,89654.63926195334,43126.56940642586,-2.031769750392118,0.41986379830381926,4.054116018263098,-1.599999999999998
115.73861829440852,89654.48212721682,43126.28687676351,-2.197441349707098,-0.778929601995784,3.925016787701278,-0.43918194561708945
116.06663837415523,89654.2669825111,43126.044217295734,-2.3675638601647138,-0.2770565641258418,3.983087357237128,0.7000000000000046
116.39544305512855,89654.02688578142,43125.81885399258,-2.3831399598951917,0.18035978438205716,4.040459311606157,0.6999999999999995
116.72007429498139,89653.79868217114,43125.585677582996,-2.3137786818145076,0.13040485397569784,4.096314829763316,0.6999999999999962
117.0450980915145,89653.58160443504,43125.34447515273,-2.3044369503383093,-0.07281582285556311,4.15148509568386,0.7000000000000016
117.37179681780589,89653.35965736311,43125.10570456356,-2.3371658514258438,-0.12048491360401133,4.206210493602664,0.7000000000000048
117.69861579684701,89653.12788087643,43124.87526507134,-2.3832703521591614,-0.1620205520930015,4.260252725737141,0.7000000000000005
118.02461022388304,89652.88454602056,43124.65771386668,-2.4432892863298097,-0.20611594685016432,4.313484146835501,0.6999999999999962
118.34966523610268,89652.62792418562,43124.45760799706,-2.5178235396821296,-0.25202864076161985,4.365915998059133,0.6999999999999973
118.67467229104872,89652.35633765034,43124.27942916816,-2.6044853573981106,-0.24662669511857765,4.417718005829835,0.6999999999999967
118.99989499746874,89652.07149012329,43124.12265278372,-2.6663295537136498,-0.1342839226248456,4.468953363822581,0.7000000000000016
119.32478602520308,89651.77994759865,43123.9790333996,-2.697672458742575,-0.06229404354816128,4.519556571927078,0.7000000000000065
119.64971111636817,89651.48565561493,43123.841388360735,-2.7068474458338945,0.005817847820410081,4.569604658444794,0.7000000000000005
119.97485283990606,89651.19151479848,43123.703136296375,-2.693901089481601,0.07378478479828388,4.619143334800666,0.36378599878535756
120.30048535870314,89650.90033694508,43123.557902792665,-2.6664835952515578,-0.02922783505257269,4.621122358252764,-0.7849241647277785
120.62528971754132,89650.60633528922,43123.41947820614,-2.767118445925328,-0.5906849601512667,4.507260576188314,-0.4501914147098753
120.9499859685788,89650.29418289449,43123.329497404644,-2.947160161644952,-0.482381575539989,4.557408545776195,0.7000000000000022
121.27470780534652,89649.97272484041,43123.28821559034,-3.0687523875212306,-0.2646051169950605,4.607014567438299,0.6999999999999978
121.60107083870926,89649.64741568861,43123.27462803911,-3.1190822112315835,-0.04599125240068446,4.656338848419059,0.7
121.92720305731969,89649.32111849259,43123.2659181426,-3.0990307877829815,0.169256403449066,4.70511174971978,0.7000000000000038
122.25251270795349,89648.99615224148,43123.2446784378,-3.0625040485777437,0.02814718318700495,4.753263098991939,0.7000000000000011
122.57708894736712,89648.67211760402,43123.22052728326,-3.081189779516552,-0.14353836058184916,4.800824598276585,0.7000000000000016
122.9018954453494,89648.34778139909,43123.21140849052,3.1306126061121753,-0.250779382547783,4.847952755606507,0.6999999999999984
123.22758174283256,89648.02298124276,43123.22743696274,3.0563772129979463,-0.20613588430284038,4.894752980189005,0.6999999999999978
123.55339470375203,89647.69939018926,43123.26530693605,2.9960596980397978,-0.1646606793649059,4.941127895769995,0.7000000000000022
123.87832773988663,89647.37871200407,43123.32010953488,2.954326017338046,-0.05978920277203742,4.986948078027768,0.700000000000005
124.20330440925362,89647.05967291011,43123.381686124085,2.949626924614855,-0.008289010230312907,5.032357148499959,0.7000000000000061
124.52834861292307,89646.74073705955,43123.44425335187,2.9457263253976755,-0.01571344391186045,5.077369432609358,0.7000000000000033
124.85340902112132,89646.42208520556,43123.50845677833,2.93941124942449,-0.023143407326385135,5.1219883762727765,0.6999999999999994
125.17844918267798,89646.10392928551,43123.575054825465,2.930679302915753,-0.030585260452853594,5.166219231977361,0.6999999999999967
125.50346725143697,89645.78643612395,43123.64462219355,2.921703894344725,-0.02133842314949684,5.210071635699008,0.699999999999994
125.8284836568632,89645.46944139768,43123.71638498658,2.9169414548704387,-0.007967136414273367,5.253557786558748,0.6999999999999934
126.15350005630346,89645.15263418904,43123.78897262724,2.916370561339959,0.0016889554294771886,5.296686924477263,0.6999999999999934
126.47851626167147,89644.83581101689,43123.86148903953,2.9167318536226903,0.0005342681421096249,5.339467676036969,0.6999999999999945
126.80353302962472,89644.51897507085,43123.93395047836,2.916717852764715,-0.0006204208501381973,5.381908447621361,0.7000000000000011
127.12855111521232,89644.20215283066,43124.006476010545,2.9163290657150975,-0.001717023831081646,5.4240173173028134,0.7000000000000016
127.45356878428649,89643.88536668173,43124.07916273538,2.9157596985819034,-0.0017865916400895128,5.465801733973219,0.6999999999999978
127.77858223307824,89643.56862505434,43124.15203287766,2.915167710991682,-0.0018562461707144003,5.507268599170835,0.699999999999999
128.103591337228,89643.25192919518,43124.22507875178,2.9147239988959375,-0.0005885226657207282,5.548425016995614,0.6999999999999978
128.42860382500913,89642.93524781943,43124.298184784166,2.9147977730177606,0.001042482416526684,5.589278813238462,0.6999999999999994
128.75362773545993,89642.61853449735,43124.371185173935,2.915401618085743,0.0026731986687496606,5.629837575520937,0.6999999999999994
129.07867027101403,89642.30174320162,43124.443915569194,2.9164640417281493,0.002409334038442007,5.670108524228016,0.699999999999994
129.40370980504875,89641.98489893436,43124.51646379318,2.9161850265948313,-0.004126239118307317,5.710095097646956,0.7000000000000011
129.72871307091106,89641.66817169082,43124.589432437315,2.9137813921066917,-0.010665479081521023,5.749799178786946,0.7000000000000076
130.0536520421792,89641.3517491114,43124.66348673855,2.909270441904076,-0.015657331203625252,5.789223191081378,0.6999999999999978
130.37855602732157,89641.03569430187,43124.73885058889,2.906539125955674,-0.0011524258375356683,5.828376337828036,0.6999999999999967
130.7034881947068,89640.7196708543,43124.81433202154,2.908521706454793,0.013354141128531357,5.867271577973282,0.7000000000000011
131.02852081940355,89640.40326240852,43124.888455722714,2.91521565972773,0.027834662205434804,5.905922573507761,0.7000000000000065
131.35375690395614,89640.08605260447,43124.959746378605,2.9266112854499893,0.04224825199033086,5.944346218268428,0.7000000000000076
131.6793156336013,89639.767641044,43125.026785434886,2.941204134047917,0.03159945662590903,5.982560838315428,0.6999999999999978
132.00491929719666,89639.44839688407,43125.090890804066,2.9427225969610507,-0.022261278007746105,6.020538124883763,0.6999999999999967
132.3301809605207,89639.12978489848,43125.15727631078,2.9266901108848455,-0.0763506138592349,6.058237833052821,0.7
132.65498905917318,89638.8133535972,43125.23145353789,2.893017602688118,-0.13091792391364607,6.095652301431407,0.6999999999999978
132.9798112492124,89638.50065149023,43125.318934068244,2.8416640142090595,-0.18514219772519416,6.132840128847393,0.6999999999999902
133.30454841637888,89638.1942386355,43125.42669354188,2.756426828527942,-0.28561157331167913,6.169794168368503,0.6999999999999847
133.62999006316454,89637.89804893945,43125.560365068086,2.6865311935655494,-0.14460105095340944,6.206607639083842,0.6999999999999945
133.95576313927734,89637.6078174247,43125.708177474145,2.6616601779589217,-0.03143758474159553,6.243241200858078,0.6999999999999978
134.28097220907483,89637.32064892733,43125.86145991212,2.63565960700952,-0.12855155178831346,6.279598186970907,0.6999999999999945
134.60577424237982,89637.04068197569,43126.02629537438,2.5779859621022077,-0.22633660129023095,6.3157007716036775,0.7000000000000055
134.93152433028934,89636.78033435075,43126.21987332809,2.41677469546665,-0.1380653478427425,6.351702634688483,0.7000000000000087
135.25698441484022,89636.53134710084,43126.42978622127,2.4664543893668673,0.05715327827582544,6.387469802502385,0.7000000000000011
135.581099228224,89636.27958181556,43126.63503891082,2.4305443371707045,-0.2797959174775198,6.422891188290296,0.6999999999999967
135.90546617589766,89636.04560912555,43126.85895936656,2.328126209176913,-0.27757682798208866,6.458145627295831,0.6999999999999967
136.23151052475782,89635.8318338919,43127.10391474768,2.2538210546008672,-0.1800559715803934,6.493389487144945,0.7
136.55841652160433,89635.63191927008,43127.36216287676,2.210364592780937,-0.08677728565184414,6.528535473392911,0.7000000000000011
136.88416568654802,89635.43948642234,43127.625917361576,2.1962441510552964,-0.014059097146363067,6.563369885833859,0.6999999999999924
137.20883983983154,89635.24964572655,43127.88984498837,2.1928578269429178,-0.006722696335832632,6.5979063401103,0.6999999999999923
137.533588882832,89635.0606618297,43128.15379831491,2.1918020874929165,-0.001214697760643075,6.632270857939106,0.7000000000000055
137.8586128445171,89634.87166620993,43128.41807164554,2.1914508438576745,-0.0009480430814641655,6.66648710187213,0.7000000000000076
138.1837547504108,89634.68263782274,43128.68256302131,2.1911856131963567,-0.0006840219535321034,6.700540944407299,0.7000000000000033
138.5088576038738,89634.49364533939,43128.9471285341,2.191005917655687,-0.00042148243246306676,6.734418530394948,0.7000000000000044
138.83386505961744,89634.30474222872,43129.21165157164,2.1908767058767173,-0.0003907887225629543,6.7681166790007365,0.6999999999999978
139.15885460556643,89634.11590581638,43129.47615223713,2.190751703212082,-0.0003784150708430025,6.801646032020231,0.6999999999999956
139.4838656147202,89633.9270958362,43129.74068283866,2.190641176714114,-0.0002976996402803167,6.835013105891738,0.7000000000000011
139.80888871611114,89633.7383016625,43130.00524542526,2.1905582293608235,-0.00021272572727688035,6.868219310684476,0.7000000000000011
140.13391438121695,89633.54952152507,43130.26982703008,2.1905028925132326,-0.00012778633853608427,6.901266002032329,0.7000000000000022
140.45893441140822,89633.36075366953,43130.534414944406,2.1904718885278105,-8.664698837145153e-05,6.934154632907681,0.7000000000000044
140.7839500322595,89633.17199673857,43130.79900376123,2.190442053104746,-9.694525264583234e-05,6.966887564922147,0.7000000000000033
141.10896430671758,89632.9832498158,43131.06359618254,2.1904088713521523,-0.0001072403184434369,6.9994672887662075,0.7000000000000076
141.43397995489696,89632.79451200733,43131.32819527357,2.190373113403409,-0.00010628667727877537,7.031896204720267,0.7000000000000087
141.7589968181019,89632.60578239782,43131.59280204731,2.190341237219858,-8.986482453185334e-05,7.064176373962235,0.6999999999999934
142.08401408856966,89632.41706004593,43131.857414993676,2.1903146981507273,-7.344407013760981e-05,7.096309746699412,0.699999999999999
142.40903102095945,89632.22834401362,43132.12203246014,2.190293197091626,-6.226879876282592e-05,7.128298234953893,0.7000000000000132
142.7340476102587,89632.03963362858,43132.38665346091,2.1902731965581705,-6.080503860142722e-05,7.160143780083312,0.7000000000000132
143.05906406593314,89631.85092861156,43132.65127799698,2.190253671812192,-5.9341116346317156e-05,7.191848301334642,0.7000000000000044
143.38408058482716,89631.66222871454,43132.915906146925,2.190234669846774,-5.6984271419784694e-05,7.22341367470129,0.7000000000000044
143.7090971906451,89631.4735336541,43133.180537856424,2.1902168352275684,-5.276164239519351e-05,7.254841718742507,0.7000000000000044
144.03411385198518,89631.28484309035,43133.44517285969,2.1902003730249575,-4.853903840321656e-05,7.286134207512434,0.6999999999999967
144.35913053742354,89631.09615667841,43133.709810872126,2.1901852832334607,-4.431645578110574e-05,7.317292877116272,0.7000000000000011
144.68414721551613,89630.90747407336,43133.97445160913,2.190171565848391,-4.009389086202894e-05,7.348319426836736,0.699999999999999
145.00916386405143,89630.7187949722,43134.239094818404,2.1901584710819386,-4.295892725067039e-05,7.379215521095422,0.6999999999999967
145.334180492572,89630.53011958773,43134.50374064577,2.190143425572527,-4.962408268680935e-05,7.409982792605146,0.6999999999999923
145.65919711331065,89630.34144847968,43134.76838950486,2.1901262137783553,-5.6289232089956096e-05,7.440622840578501,0.6999999999999891
145.98421373850178,89630.15278221434,43135.03304181426,2.190106839910326,-6.255698143468855e-05,7.471137231439807,0.7
146.30923037121636,89629.96412125435,43135.29769791467,2.1900864155378876,-6.312503407756217e-05,7.501527498903571,0.7000000000000022
146.63424700737076,89629.77546572105,43135.56235789017,2.1900658065380365,-6.369308987160541e-05,7.5317951450781395,0.6999999999999978
146.9592636428851,89629.5868156658,43135.82702177218,2.190045012909993,-6.426114887885267e-05,7.5619416420085335,0.6999999999999978
147.28428027629298,89629.398171069,43136.09168954263,2.190024833868606,-5.99043221066791e-05,7.591968432752716,0.7000000000000065
147.60929690873547,89629.20953162615,43136.35636098463,2.190006073109439,-5.55405951608164e-05,7.621876932182337,0.7000000000000142
147.9343135413227,89629.02089696134,43136.62103583154,2.189988728526099,-5.132283903410015e-05,7.651668527514463,0.7000000000000065
148.25933017440593,89628.83226672909,43136.88571383801,2.1899724899702036,-4.8601621799245046e-05,7.681344578996042,0.7
148.58434680779513,89628.64364067762,43137.150394824464,2.189957135855128,-4.588040470700051e-05,7.7109064206496996,0.7000000000000055
148.90936344128693,89628.4550185729,43137.41507862381,2.1899426661808397,-4.3159187748316634e-05,7.740355361022211,0.7000000000000076
149.23438007466635,89628.2664001811,43137.67976506905,2.1899290737481554,-4.101919120459057e-05,7.769692683860571,0.7000000000000022
149.55939670787862,89628.0777854044,43137.94445409021,2.189914944820331,-4.592360726593798e-05,7.798919648780442,0.6999999999999934
149.88441334101037,89627.88917457852,43138.209145926485,2.1898992218757205,-5.082802329787258e-05,7.8280374918952775,0.6999999999999945
150.20942997417058,89627.70056812483,43138.473840878156,2.18988194117209,-5.4393693240247026e-05,7.857047426415497,0.7000000000000076
150.53444660738904,89627.51196628399,43138.7385391167,2.189864770717811,-5.126523326379189e-05,7.885950643229277,0.7
150.85946324063178,89627.32336885355,43139.00324049771,2.189848617065053,-4.8136773324989766e-05,7.914748311474477,0.6999999999999934
151.18447987385187,89627.13477556521,43139.267944829866,2.1898334508372495,-4.56761136465349e-05,7.943441579095059,0.6999999999999934
151.50949650704928,89626.94618622023,43139.53265197148,2.189818712834516,-4.501464631811693e-05,7.9720315733803115,0.6999999999999945
151.8345131402423,89626.75760074813,43139.797361872246,2.1898041898196676,-4.435317898906226e-05,8.000519401479057,0.7000000000000164
152.1595297734454,89626.56901909107,43140.06207449089,2.1897899123357942,-4.313103911402062e-05,8.028906150897964,0.7000000000000175
152.4845464066577,89626.38044113775,43140.32678974808,2.1897762733291994,-4.079701380066118e-05,8.057192889984972,0.6999999999999978
152.80956303986565,89626.19186669456,43140.59150750576,2.1897633929196516,-3.846298850134364e-05,8.085380668398706,0.6999999999999978
153.13457967305763,89626.00329556345,43140.85622762281,2.1897512236459042,-3.655481025554591e-05,8.113470517564249,0.7
153.4595963062487,89625.81472757782,43141.12094998047,2.1897396211165208,-3.4841716559851095e-05,8.141463451115639,0.7000000000000044
153.78461293944997,89625.62616258994,43141.38567447346,2.1897285753710825,-3.3128622863973525e-05,8.16936046532001,0.7000000000000175
154.10962957265897,89625.43760047945,43141.650401016064,2.1897175418377817,-3.7373618831423106e-05,8.19716253949049,0.700000000000024
154.43464620584783,89625.24904159736,43141.91512985816,2.189703951669815,-4.625390406300662e-05,8.224870636386362,0.700000000000024
154.75966283902173,89625.0604866893,43142.17986153076,2.189687709958264,-4.995801566760059e-05,8.252485702607068,0.7000000000000065
155.08467947221632,89624.87193598,43142.44459619391,2.1896730444737784,-4.028650100124062e-05,8.280008668969284,0.6999999999999956
155.40969610543527,89624.6833887371,43142.70933332591,2.189661522392426,-3.061498634323484e-05,8.307440450867706,0.6999999999999847
155.73471273864791,89624.49484412903,43142.97407233444,2.1896531042649747,-2.2362098326897812e-05,8.334781948630132,0.6999999999999956
156.0597293718457,89624.30630151283,43143.23881276153,2.189646060660462,-2.0980941955614483e-05,8.362034047867038,0.7000000000000197
156.38474600503818,89624.11776070195,43143.50355447429,2.1896394659547433,-1.9599785582616072e-05,8.389197619805907,0.7000000000000065
156.7097626382321,89623.92922157752,43143.76829738811,2.1896333201478195,-1.8218629208754575e-05,8.416273521614455,0.6999999999999869
157.03477927143143,89623.74068402075,43144.03304141834,2.18962762323969,-1.6837472834704274e-05,8.44326259671625,0.6999999999999781
157.35979590463774,89623.55214791278,43144.297786480325,2.1896223752303547,-1.5456316460974514e-05,8.470165675097297,0.6999999999999934
157.6848125378458,89623.36361317616,43144.56253251891,2.189616963313149,-1.900314730402024e-05,8.496983573603503,0.7000000000000022
158.00982917104412,89623.17508007589,43144.82727972279,2.1896099648570426,-2.406207084993245e-05,8.523717096230106,0.13647311248248473
158.33484580423192,89622.9865490461,43145.09202840109,2.189601322166638,-2.9120994398325095e-05,8.50741758562782,-1.0135268875288774
158.65986243742222,89622.79802052214,43145.35677886379,2.189591035241934,-3.417991794493858e-05,8.446070136462314,-1.5999999999999848
158.98487907061386,89622.60949497612,43145.62153144706,2.189578607326926,-4.2877177491127816e-05,8.384273822092602,-1.5999999999999979
159.30989570378077,89622.42097311992,43145.88628665774,2.1895631456715927,-5.226660135414653e-05,8.322018643195483,-1.600000000000002
159.63491233695447,89622.23245554617,43146.151044917686,2.1895473856411103,-4.252202569980767e-05,8.259294223572455,-1.600000000000011
159.95992897017348,89622.04394163095,43146.41580578268,2.189535550993531,-3.0302847681236862e-05,8.196089789969147,-1.6000000000000065
160.2849456034309,89621.85543032335,43146.680568504344,2.1895276877820486,-1.8083669675915225e-05,8.13239415048316,-1.599999999999989
160.6099622366847,89621.66692072351,43146.94533244196,2.1895219412936258,-1.818614767748026e-05,8.068195671424967,-1.5999999999999912
160.9349788698794,89621.47841268868,43147.21009749383,2.1895158544255864,-1.9269584846767273e-05,8.003482252505943,-1.5999999999999879
161.25999550296143,89621.28990631219,43147.47486372625,2.189509415422445,-2.0353022030924444e-05,7.938241300207186,-1.599999999999987
161.58501213593055,89621.10140168926,43147.73963120703,2.189502580802817,-2.1931655972190572e-05,7.872459699154635,-1.600000000000002
161.9100287690508,89620.91289895492,43148.004400032376,2.1894951276450088,-2.393158331230188e-05,7.8061237812905,-1.600000000000011
162.2350454026278,89620.72439827982,43148.26917032419,2.189487024477558,-2.5931510554494396e-05,7.739219292757033,-1.599999999999999
162.56006203676338,89620.53589980598,43148.53394218384,2.189478749371666,-2.378499599217488e-05,7.671731358184332,-1.599999999999999
162.8850786709712,89620.34740337676,43148.798715499484,2.1894716435985044,-1.9940600899073473e-05,7.603644442152971,-1.6000000000000032
163.2100953047215,89620.15890866362,43149.06349003661,2.1894657873176793,-1.609620592542297e-05,7.534942307322786,-1.600000000000002
163.53511193747738,89619.97041533608,43149.32826555928,2.1894611805291664,-1.2251811015632307e-05,7.465607969205457,-1.6000000000000012
163.86012856869627,89619.78192306364,43149.59304183148,2.1894578232329547,-8.407416112979793e-06,7.395623647128319,-1.5999999999999968
164.18514519813905,89619.59343152428,43149.85781862341,2.189455505772478,-7.359158028051558e-06,7.324970710913913,-1.5999999999999979
164.51016182772756,89619.40494063235,43150.122595875066,2.189452753843791,-9.574921227254389e-06,7.253629622545079,-1.599999999999999
164.83517845980435,89619.21645056365,43150.38737371438,2.1894492817552513,-1.1790684105610587e-05,7.181579873427414,-1.6000000000000032
165.1601950967144,89619.0279615075,43150.65215227899,2.189445089506951,-1.4006446519073907e-05,7.10879991561906,-1.6000000000000032
165.48521174078786,89618.83947365324,43150.91693170658,2.189440168030546,-1.8666322343774174e-05,7.035267086562563,-1.6
165.81022835871198,89618.65098884022,43151.1817132944,2.189416344646484,-0.00012793163249695698,6.960957534844851,-1.6000000000000076
166.1352449443435,89618.46251348006,43151.44650155876,2.189378632761151,-7.661100935499505e-05,6.885846115612259,-1.6000000000000132
166.4602616020877,89618.27404468821,43151.711294521454,2.1893674697761267,7.919216926278428e-06,6.809906271242721,-1.6000000000000054
166.78527842197133,89618.08557520565,43151.976087144554,2.18938128843537,3.860555278037595e-05,6.733109950051564,-1.5999999999999968
167.1102952058169,89617.89710334016,43152.240878182594,2.189376849863373,-6.591844792107401e-05,6.6554275513431564,-1.5999999999999979
167.43531165092463,89617.7086372565,43152.50567310579,2.1893384391919413,-0.00017044299551956563,6.576827751038703,-1.6000000000000012
167.76032754336046,89617.52018586198,43152.770477894344,2.1892747543647695,-0.00011577088983666746,6.497277307537224,-1.6
168.08534378919518,89617.33174255777,43153.035288201456,2.189297088694806,0.0002532055925321772,6.41674063870179,-1.599999999999999
168.41036163908456,89617.14327689452,43153.30008379609,2.1894393455496735,0.0006221726229551886,6.335179816289436,-1.6
168.73538090588625,89616.9547649806,43153.56484882824,2.1895533795445696,-0.00042641924714515947,6.252554809912157,-1.5999999999999979
169.06039631025672,89616.76629181742,43153.82964014248,2.1891165160412926,-0.0022618616983843,6.16882422808189,-1.5999999999999956
169.38540303060566,89616.57801529771,43154.09456324344,2.1881532229070735,-0.0026737014956552917,6.083943692363821,-1.6000000000000043
169.7104064565476,89616.38995021462,43154.3596280535,2.1877492357790524,0.00018771115212347136,5.997862943485734,-1.6000000000000043
170.03541518076446,89616.20186838505,43154.62468220207,2.1882752319755205,0.0030490598040024733,5.910527216022726,-1.6000000000000012
170.36043827286045,89616.01351834877,43154.889557770846,2.1897311226047975,0.00590963766589855,5.821877538787482,-1.600000000000002
170.6854861223794,89615.82464864556,43155.15408684152,2.192116654816912,0.008768619782212914,5.731850046728158,-1.5999999999999979
171.01055482014675,89615.63510096536,43155.41816393251,2.193914781443338,-0.002055642459088479,5.640379874203689,-1.599999999999995
171.3355915503645,89615.44574176361,43155.68237044239,2.1904502253616553,-0.019263807004141723,5.547410890552925,-1.5999999999999979
171.66055910975854,89615.2580720507,43155.94771309935,2.181390173588148,-0.03649479172814079,5.452877350405409,-1.6
171.98547613362123,89615.07358699822,43156.21519564874,2.1671324799688385,-0.04768872712941609,5.356690855575267,-1.6
172.31046979635505,89614.89322050227,43156.48547980714,2.151241102151044,-0.0501079632728488,5.258722012186561,-1.600000000000002
172.63569687806387,89614.71719577626,43156.75879421691,2.1345697238140735,-0.05243813347355909,5.1588206539854875,-1.6000000000000016
172.9609946417481,89614.54623475808,43157.03559043969,2.107905809840688,-0.1503031774182529,5.056923738420197,-1.6
173.2858358302112,89614.38938019479,43157.32015265931,2.0323011992190505,-0.3150255737020947,4.953078425899977,-1.599999999999999
173.61135815870574,89614.25881035301,43157.61779461894,1.9393683297538533,-0.255773584049625,4.846783927712608,-1.6000000000000005
173.93727907911625,89614.15323652493,43157.925943969756,1.8654773081762581,-0.19856374483795805,4.737970820574946,-1.6
174.26244213338128,89614.06794356786,43158.24009726881,1.8085719259432873,-0.15701235603750413,4.626861325236744,-1.599999999999999
174.5874852856485,89613.99894476199,43158.557696632706,1.7625605013609094,-0.12590969191505993,4.513059675621007,-1.6
174.91296600747708,89613.94297254694,43158.87806832412,1.7262010246134711,-0.10983542855491427,4.396153924268914,-1.5999999999999979
175.2384631977464,89613.89903400444,43159.200606233004,1.6840308131441633,-0.14944416150445278,4.276047043357119,-1.5999999999999972
175.5636484230468,89613.87085577718,43159.52468397239,1.6288181465192602,-0.19009605510167119,4.152587819184788,-1.6000000000000039
175.88886988454882,89613.86275440796,43159.84967062314,1.5606557153535237,-0.22230495693439187,4.025329417480685,-1.6000000000000025
176.2140989267531,89613.87778476898,43160.17451384398,1.488489688394488,-0.22182625147082086,3.893911142306881,-1.599999999999998
176.53911735976223,89613.91610948014,43160.49726583772,1.417626757008473,-0.20481904310750862,3.757989488882652,-1.6000000000000003
176.86473248063342,89613.9757815481,43160.81696066182,1.3566116808677091,-0.1746029964375489,3.6166996850394812,-1.6000000000000014
177.19111428886848,89614.05379082098,43161.13345519401,1.3026282485305989,-0.15673070165831277,3.4693075426390934,-1.6
177.51803035996906,89614.14808354399,43161.44619713997,1.2542109268625932,-0.1398862836130369,3.3151113703600723,-1.5999999999999994
177.84499436704556,89614.25668631351,43161.754598492436,1.2110610263403687,-0.12424035803520861,3.1533598867312693,-1.5999999999999994
178.1713035991012,89614.37762572595,43162.05807124417,1.172861193337846,-0.10980006532661216,2.9832011384866033,-1.599999999999999
178.4960726155314,89614.50892837765,43162.35602738794,1.139306169973602,-0.09645852574035649,2.8036098480514617,-1.6000000000000008
178.8205465079093,89614.64857746632,43162.647991811355,1.117752900213748,0.3498787712410009,2.611878964362979,-1.6000000000000012
179.17810231004697,89614.7844201959,43162.96965739675,1.1575468065102734,-0.4646898250175139,2.3827994371413923,-1.6000000000000008
179.48866639996513,89614.96634799376,43163.24825680529,0.709674851040156,-2.561952237718273,2.164238450333795,-0.7651167630571295
179.80320214147727,89615.2391614353,43163.39437429724,0.7467213394441301,2.5417350574891393,2.17282867212726,0.3965209796603801
180.15278754605097,89615.43061550363,43163.67281392721,1.0284755099050351,-0.4358759776749574,2.2826747479265403,0.6999999999999991
180.47538348404,89615.64259166979,43163.92749615722,0.7332271986461608,-0.5084110623962748,2.3795458217916594,0.7
180.80036664999176,89615.889232306,43164.13672465421,0.6903235007070054,-0.12123695691758998,2.4733003760842704,0.7000000000000007
181.12646511966983,89616.14660016706,43164.336150142844,0.61675798450233,-0.33069447663824725,2.563933034985098,0.7000000000000007
181.4517385739763,89616.4188903298,43164.51569477809,0.5935376782417812,0.37752700226944935,2.6512516749484445,0.700000000000001
181.77485489811946,89616.6705129903,43164.7198058235,0.6878532485704347,-0.8364807861659409,2.735232768470971,0.7000000000000007
182.10056689025754,89616.94261823503,43164.89328844514,0.463405925529114,-0.5420525870340169,2.8173560454281756,0.7000000000000006
182.43268099815242,89617.24682171755,43165.01852522159,0.3332773825005133,-0.2578247430167066,2.898698818049837,0.7000000000000008
182.7635165636874,89617.56388538513,43165.118118862665,0.2889231725953479,-0.026460982945161013,2.977519878944975,0.7000000000000014
183.08943595032449,89617.87893921883,43165.210010200106,0.2778778005141045,-0.04090499443112742,3.05318059911372,0.7000000000000014
183.41280109266543,89618.19158389131,43165.29669590866,0.2623034101370576,-0.054977461050603464,3.1264393437394147,0.7000000000000003
183.73603909068274,89618.50441268536,43165.377478735376,0.2424354797308889,-0.0677038338449904,3.1979925214587306,0.699999999999999
184.0616554360149,89618.82001888388,43165.45166142736,0.21871331777799527,-0.07817745751131328,3.2684888023016048,0.6999999999999984
184.38570916708673,89619.14058398957,43165.506405635235,0.07297898659502262,-0.8880354738956784,3.337168601415211,0.7000000000000008
184.71158155246928,89619.4654279508,43165.49915362088,-0.050250443067452064,0.1619298224806791,3.4048370906413616,0.700000000000002
185.03661676984578,89619.79064264728,43165.48884575282,-0.02094648199503947,0.017681725077466345,3.4710178504488027,0.7000000000000008
185.3613018976916,89620.11534690438,43165.4804170251,-0.03884758365734553,-0.1280041580896493,3.5358908491522136,0.7000000000000016
185.68665582472525,89620.43949040129,43165.45862695108,-0.10093874977514848,-0.22240673068560038,3.599724933236634,0.7000000000000008
186.01232492797743,89620.7619176647,43165.41393577061,-0.17515929883099726,-0.23412187157139697,3.6625068381531443,0.7000000000000008
186.33759058549353,89621.07992099327,43165.34481060657,-0.25374929134582774,-0.24928570455694304,3.724154704096096,0.7000000000000014
186.6627185589919,89621.3911149083,43165.25100403588,-0.3296591905699896,-0.21319665029649335,3.78477310058857,0.6999999999999986
186.98839930530193,89621.69534861666,43165.13576018176,-0.3922964016789711,-0.17190226455936464,3.8445364438086465,0.6999999999999984
187.3145212401177,89621.99318126461,43165.00343240009,-0.44173009262071117,-0.13168579805760658,3.90346399708194,0.7000000000000011
187.64040010069212,89622.28514099868,43164.85829795626,-0.4801750281896465,-0.12089328929275196,3.9614721482447792,0.700000000000002
187.9656361723906,89622.57059443508,43164.70179277472,-0.5245216517688973,-0.15167448986808935,4.0185310850728735,0.7000000000000016
188.29032775092153,89622.84743037206,43164.53173773371,-0.5788797000378202,-0.1829193681398699,4.074697570573832,0.6999999999999984
188.61510162065935,89623.11370708134,43164.34607565616,-0.6365982764732324,-0.14668874805271398,4.130114248937095,0.6999999999999984
188.9403945959167,89623.37122950779,43164.14778003095,-0.6715361307039961,-0.06844564571388734,4.18488397385561,0.6999999999999978
189.26583372612703,89623.62457771324,43163.94355050259,-0.6811867159918193,0.009061822582286128,4.2389702354378445,0.6999999999999951
189.59106409751186,89623.87777994978,43163.73927250718,-0.6766805182264,0.011884159250983468,4.2923409902833605,0.7000000000000022
189.9161264262741,89624.13162147095,43163.53609197701,-0.6735672583834216,0.00726276219740613,4.345029164129268,0.7000000000000027
190.24105975153546,89624.38582606016,43163.333603550986,-0.6719597831928994,0.0026273354617715413,4.397065509234515,0.7
190.56590075002228,89624.64011689254,43163.13140097901,-0.6718604499619926,-0.0020171786780904056,4.448478671454021,0.6999999999999984
190.89068595269688,89624.89421714321,43162.92907801099,-0.6732705787730514,-0.006666081658708955,4.499295697564873,0.7
191.21551470716392,89625.14789154797,43162.726253125235,-0.6756907651683691,-0.007636055236470684,4.549551849400073,-0.13985907307033227
191.54059821990398,89625.4011777925,43162.52270720394,-0.6782108639371295,-0.00787161048321519,4.479047836269281,-1.2897530703953528
191.8661492363945,89625.6542236904,43162.318286671005,-0.680801776986159,-0.006972357243827409,4.361204680683866,-1.5999999999999994
192.19108390521458,89625.90730946723,43162.113709707555,-0.6766545995822659,0.03259322554827088,4.240320191517925,-1.6000000000000028
192.51361909954522,89626.16117449898,43161.91277595122,-0.6620594367850334,0.03487400558098468,4.116819488966763,-1.6000000000000023
192.83555694644443,89626.4156949128,43161.715502542545,-0.6595916528895605,-0.019689347362101428,3.9897370332716298,-1.6000000000000008
193.15951719906312,89626.66951375965,43161.51619081518,-0.674647497303091,-0.07302253893024975,3.857632536450212,-1.6000000000000014
193.4883705706306,89626.92119494954,43161.30877525206,-0.706523037123989,-0.12111195958861995,3.7187360752362317,-1.600000000000001
193.82432052688534,89627.16931769736,43161.087324383945,-0.7488816172564303,-0.022991314182579183,3.571268421338302,-1.6000000000000028
194.13392182823281,89627.41554121464,43160.87288271561,-0.6421054725579458,0.7723856236851899,3.429757130313495,-1.600000000000002
194.41481363976393,89627.66653400562,43160.726974631216,-0.45188362684723465,0.1035361461810902,3.2961159227243018,-1.6000000000000028
194.71590263743136,89627.91775163414,43160.58985342182,-0.6021291936352904,-1.0105606759146664,3.1465688270719467,-1.6000000000000014
195.12215264325246,89628.15960647677,43160.348005128035,-0.9570535325947186,-0.8561542034126897,2.9327283141936937,-1.6000000000000003
195.57513016902072,89628.3836446805,43159.91663503048,-1.0672236147639875,1.6780007970654416,2.674204046518318,-0.6267881987041934
195.90739350557286,89628.6077374027,43159.8108501883,-0.8894538917903745,-0.3755611837609509,2.759807231236981,0.7000000000000005
196.23293691296658,89628.80006341902,43159.54489911643,-0.9929463880216309,-0.24848718731770122,2.8411787560692385,0.6999999999999984
196.55634305121163,89628.96825513938,43159.26774664773,-1.0496955969227433,-0.09963896826822792,2.9197714495285774,0.6999999999999975
196.8795188057339,89629.12694760019,43158.986209287075,-1.0570550270417451,0.05426713737947511,2.9962495513246896,0.7
197.20395303423112,89629.29074492274,43158.70708943908,-1.0163532867994263,0.15668513006501744,3.071110433330182,0.7
197.52975710831063,89629.46748251218,43158.43410234048,-0.9814232040486611,0.058095700560658645,3.1444943945602475,0.6999999999999975
197.85549671868353,89629.64934722225,43158.16366895914,-0.9829271969186734,-0.06736444188951579,3.2161903631381747,0.6999999999999986
198.17999329503078,89629.82482014973,43157.88993758038,-1.0254846378409113,-0.1950800548861793,3.2860577686384373,0.7000000000000003
198.50376511690376,89629.98210051755,43157.60679912882,-1.106384071096625,-0.2579924911211596,3.354319038113578,0.7000000000000016
198.82855764867574,89630.11646857472,43157.31183107609,-1.1754505140377727,-0.16807845834506133,3.4214274439087506,0.7000000000000005
199.15459286693365,89630.23500734185,43157.00875569146,-1.21569403104144,-0.07971863707596036,3.4874940945459745,0.6999999999999986
199.4809723407015,89630.34591836986,43156.701877577114,-1.2275846148752294,0.0066579929247259275,3.5524000792095514,0.6999999999999994
199.80660268580698,89630.45727355989,43156.39543250439,-1.2144632967304831,0.04803096292687937,3.6159962397540872,0.6999999999999981
200.13161270164295,89630.57280390892,43156.09135166625,-1.202014546135561,0.02844379001105411,3.6783750254815044,0.6999999999999978
200.45632906317695,89630.69097556363,43155.78877115597,-1.1959922238857128,0.008605845729798747,3.7396585050287223,0.6999999999999992
200.78104061017203,89630.80993807194,43155.48665898504,-1.1964310446258475,-0.011308365410548785,3.799952881290341,0.6999999999999981
201.1059391129931,89630.9279933971,43155.184068463095,-1.2011760864508094,-0.013269971633656808,3.85933929630141,0.7
201.4309754580012,89631.0448101845,43154.88081775304,-1.2047921123572447,-0.008987653887160878,3.917850263471998,0.7000000000000011
201.7560839611501,89631.16077814509,43154.57712855662,-1.2070197634638051,-0.00471957853415956,3.9755128714916848,0.7000000000000016
202.08119592558825,89631.27629348729,43154.27322621193,-1.2078613499933468,-0.00045798214885523457,4.03235158953302,0.700000000000003
202.40626137552303,89631.39172856782,43153.969322075936,-1.207680119316284,0.0005885382795586148,4.08839222329734,0.699999999999999
202.73128913039614,89631.50720408985,43153.66547999505,-1.2075493700380375,0.00021590624039761024,4.143668643646656,0.6999999999999951
203.05629187139988,89631.62268979246,43153.361675325694,-1.2075397827005532,-0.00015693927881426314,4.198213151537896,0.699999999999999
203.38128227859434,89631.73815336428,43153.05788222239,-1.207651386403076,-0.0005298674284698027,4.252056001020918,0.7000000000000027
203.7062730452266,89631.85356249391,43152.75407483973,-1.207884181872586,-0.0009027471628258337,4.30522558167434,0.7000000000000044
204.03127689204734,89631.96888487003,43152.450227332214,-1.2082381414089642,-0.0012754470958823063,4.357748580936286,0.7000000000000027
204.35629608045903,89632.08410167477,43152.14632153656,-1.2085069353986593,0.00020121774769668368,4.40964846200109,0.6999999999999978
204.68131329570932,89632.1993147769,43151.842409042314,-1.208368808316267,0.0003577298624359426,4.460944256520022,0.6999999999999962
205.00632927382662,89632.31456249676,43151.53851153438,-1.208281744468174,0.00017801919714938408,4.511656683430511,0.6999999999999956
205.33134504281495,89632.42982754332,43151.23462137086,-1.2082530904621431,-1.6957191586244845e-06,4.561805355966741,0.6999999999999984
205.65636138573157,89632.54509336378,43150.93073122883,-1.2082691337958447,-4.370502040143323e-05,4.61140878537244,0.6999999999999962
205.98137813037548,89632.6603552681,43150.62683904114,-1.2082760244660047,1.302990349617978e-06,4.660484355548421,0.6999999999999984
206.30639500733477,89632.7756173958,43150.3229466526,-1.2082682868201482,4.6310820536856785e-05,4.709048529804572,0.7000000000000022
206.6314117622171,89632.89088407086,43150.019055989804,-1.2082468102255137,7.267171920654722e-05,4.757116932858586,0.7000000000000016
206.95642838565436,89633.00615750176,43149.71516804963,-1.208226201551013,5.414436593849528e-05,4.8047044431163535,0.700000000000005
207.28144495459532,89633.1214362474,43149.41128222496,-1.2082116145934096,3.561693491255785e-05,4.8518252217304125,0.7000000000000022
207.6064615459031,89633.23671850518,43149.107397749816,-1.2082030493660847,1.708946562007449e-05,4.898492748800417,0.6999999999999973
207.9314782363906,89633.35200247235,43148.80351385815,-1.20820050587387,-1.4380025056004232e-06,4.944719868378063,0.6999999999999994
208.2564949897303,89633.46728703094,43148.49963007872,-1.2081960641467502,3.6194793565642404e-05,4.990518813851756,0.6999999999999973
208.58151158498757,89633.58257515036,43148.19574769983,-1.208176794228147,8.238328005670824e-05,5.035901236597925,0.6999999999999929
208.90652780789412,89633.69787130394,43147.891868657185,-1.2081430134762328,0.0001061126169383545,5.080878268256157,0.6999999999999929
209.23154403526107,89633.81317611733,43147.58799317784,-1.2081275968844603,-1.1246070836191607e-05,5.125460632484792,0.6999999999999967
209.5565609991471,89633.92847995144,43147.28411693065,-1.2081503237355529,-0.00012860398839600084,5.169658639077813,0.7000000000000044
209.88157921330057,89634.04377173263,43146.980234949755,-1.2082004418191683,2.7200787258989756e-05,5.213482132357098,0.7000000000000044
210.20659409002488,89634.15907409647,43146.676357534525,-1.2080273936362804,0.0010376727786652604,5.256939867624581,0.7000000000000022
210.53160320763683,89634.27446283783,43146.37251898784,-1.2077230802079164,0.00032800188906493297,5.300040522154287,0.6999999999999978
210.85661627422533,89634.38988251508,43146.06869347519,-1.2078486111833524,-0.0011004502718320857,5.3427940096639865,0.6999999999999923
211.1816438017297,89634.5051967792,43145.76481811206,-1.2084383769619695,-0.002528557895543438,5.38520996509955,0.6999999999999956
211.506691114452,89634.62027974337,43145.46083486797,-1.2092613632081046,-0.0011356084678524803,5.4272969889272416,0.7000000000000027
211.83173136268195,89634.7352646462,43145.15680579985,-1.2089525265039387,0.003036023736017986,5.46905923843769,0.7000000000000055
212.15673288657914,89634.85054135631,43144.852911895665,-1.207287510963698,0.007210310165784789,5.510500075945622,0.7000000000000027
212.4816662286176,89634.96651070678,43144.54933922459,-1.2042653619257613,0.011390682098723485,5.551622984844212,0.6999999999999973
212.80656371441285,89635.08331287527,43144.24615274902,-1.2026004707138207,-0.0015710217313002208,5.592439024787297,0.6999999999999951
213.13152166232652,89635.19996461067,43143.942895458924,-1.2052876569332227,-0.014965445316720817,5.632966835784056,0.6999999999999967
213.45664782768898,89635.31518006157,43143.63896974882,-1.212323670554995,-0.028316781295561602,5.673225890492153,0.6999999999999962
213.78207817514,89635.42767394452,43143.33377827442,-1.2236355869259348,-0.03795525537527768,5.71323852915156,0.7
214.1077765000866,89635.53693891416,43143.027081551714,-1.2322090559362373,-0.01474011225503213,5.753005488082481,0.7000000000000022
214.43353281710307,89635.64478512997,43142.71970617465,-1.2332442215450774,0.008378881913042232,5.792506451418954,0.6999999999999978
214.75912951376503,89635.75345237553,43142.41267636906,-1.22674706368793,0.03153827945741182,5.831720703622298,-0.3181512847604934
215.08439685844556,89635.86518043432,43142.10701636075,-1.2126951658237943,0.05485357692767497,5.756646986555209,-1.4685868967164788
215.4092688890115,89635.98220908998,43141.80375037556,-1.1910486780389844,0.07836027755001032,5.665632712240011,-1.6000000000000039
215.73383987251,89636.106778126,43141.50390263931,-1.1617743838207297,0.10195160545516949,5.573218718371722,-1.5999999999999994
216.0584208994523,89636.241127326,43141.208497377855,-1.1248833540118375,0.12531501166149686,5.4792433416114665,-1.6000000000000005
216.38341072658238,89636.38738897012,43140.91854667776,-1.0819142390983834,0.13444463011545096,5.383506306281931,-1.6000000000000028
216.7087490261905,89636.54635670995,43140.63491146846,-1.0378859708537056,0.13642292776499287,5.285930153816955,-1.5999999999999979
217.03435878861112,89636.71791638715,43140.35835016994,-0.9931080533047795,0.13878868196603264,5.1864348401657745,-1.599999999999995
217.3601566346856,89636.90194832005,43140.08963551267,-0.9470707007368081,0.14708047009370923,5.084933946851916,-1.599999999999995
217.68583551950817,89637.0986965773,43139.83004475126,-0.8965446901386401,0.16327866076400213,4.98140349825376,-1.599999999999996
218.01126780428882,89637.30883054175,43139.58144505407,-0.8406434132766397,0.18024057442239816,4.87575609532683,-1.5999999999999979
218.33662278483715,89637.53304372492,43139.34573705618,-0.7791924576063746,0.1974887412890029,4.767794203126021,-1.5999999999999983
218.66221639538108,89637.77185062316,43139.124689112425,-0.7147192541745762,0.1942523775138273,4.657248330250547,-1.5999999999999972
218.98802467470915,89638.02434662158,43138.91902094986,-0.6528157576850899,0.1860334049678654,4.543938326580993,-1.600000000000002
219.31385581909498,89638.28895141355,43138.728953004764,-0.5933857081823964,0.17895127180227519,4.427721293593017,-1.6000000000000012
219.63938570713412,89638.56408059195,43138.55470266074,-0.5360731908422267,0.1734860901452691,4.308482356005623,-1.5999999999999972
219.96460662868546,89638.84833000987,43138.39650289758,-0.4796570125638993,0.17330202534219266,4.18596622813031,-1.600000000000002
220.28981321169604,89639.14089586391,43138.25463863686,-0.42334170479765576,0.1730398708571709,4.059760115747435,-1.6000000000000012
220.61522981019627,89639.44108082645,43138.12939583152,-0.3673317290540343,0.17050509619906698,3.9294171428104834,-1.599999999999999
220.94080731638036,89639.74793889796,43138.02092804412,-0.31238845752420724,0.16720361280958004,3.7945317316401264,-1.6000000000000005
221.2664199775672,89640.06034507747,43137.92929353884,-0.25838105645148896,0.1646611431497191,3.6546560093428613,-1.6000000000000012
221.59189339910066,89640.37717027935,43137.85454844529,-0.20508609454328092,0.16222923676449172,3.5092728018378483,-1.6000000000000019
221.9159092725554,89640.69681979988,43137.796630929784,-0.15368309480626421,0.1626566188759647,3.3582949249081215,-1.6000000000000014
222.24464892616305,89641.01969511669,43137.75624705865,-0.09279177582985716,0.20544542504482935,3.197839569321637,-1.5999999999999994
222.57312237470714,89641.3491441976,43137.73729083274,-0.020107924425283634,0.24304928309356374,3.029036625030822,-1.6
222.88441908636395,89641.67017775985,43137.744732906,0.0718132496365167,0.34433743637443026,2.8598799622495212,-1.6000000000000003
223.2150213219815,89641.98167067142,43137.77303757864,0.06947340557104102,-0.3512554846317966,2.6685176118025016,-1.6
223.63875920907313,89642.35919508533,43137.77147474134,-0.057618083645846474,-0.12489894549335595,2.4010466479864454,-1.6000000000000003
224.0702457923178,89642.79532622258,43137.74620734463,-0.0323954909602096,0.24381853362823155,2.0938643555455125,-1.5999999999999999
224.40910897414958,89643.18578070588,43137.76783831206,0.20624758456820927,1.2952814445056706,1.8165642728960398,-1.6000000000000003
224.66678287986738,89643.4227542725,43137.90931300516,1.0674194712056833,4.8478007517862505,1.5733242702206462,-0.3262564709274016
224.9865961812367,89643.53699937476,43138.17324124675,0.6719507462246359,-1.4520734993720712,1.7097040332122926,0.6999999999999996
225.31603832271472,89643.82102447758,43138.32262183992,0.3461313671582502,-0.5550418470969294,1.8396485749326137,0.7000000000000003
225.65268981623413,89644.14109100992,43138.42096298329,0.292304194367898,0.21009897310294234,1.9635730111658118,0.7000000000000002
225.9798483617907,89644.45044720704,43138.54018650055,0.4733616658609707,0.6652349609558482,2.076930652178342,0.699999999999999
226.30618902628157,89644.72502367644,43138.71538499748,0.6479242584200141,0.3990700763039711,2.1841515204411053,0.6999999999999991
226.633044223025,89644.97532587106,43138.92551213087,0.7342484151425498,0.13178353248582095,2.2865071921351974,0.6999999999999991
226.95732868161593,89645.21465262887,43139.14594533228,0.7467912339605783,-0.021286488081436235,2.383718393962109,0.699999999999999
227.28374354599754,89645.45507074903,43139.364457831005,0.7230800548921352,-0.1231902536167916,2.4777195547211437,0.7000000000000007
227.61012017153868,89645.70014890649,43139.58170094973,0.7627648820814344,0.4609740778186618,2.5682720781889805,0.7000000000000003
227.93500176098811,89645.90709325143,43139.83008106623,1.0146492917749523,0.5930871415269128,2.6553447408640465,0.6999999999999993
228.2598439295648,89646.07876231986,43140.10630495326,0.9889037075781467,-0.12978333217944976,2.7396413504036805,0.7000000000000003
228.5847825947718,89646.26048453398,43140.375530546684,0.9744583513704148,0.04086831616173685,2.821444463414356,0.7000000000000003
228.91076584667417,89646.43891497946,43140.647569792214,1.014713398992101,0.1867585995073963,2.9011937909755052,0.7000000000000005
229.2372855087653,89646.60216137026,43140.93011752911,1.0808127219100185,0.21900428359026525,2.9789348666465343,0.7
229.56322537718478,89646.74473418336,43141.2235192841,1.1581024732794827,0.25538981684142004,3.0545652318308214,0.7
229.88834875773972,89646.86210773517,43141.52701425549,1.247578933683298,0.2946864365400599,3.1281850150345325,0.7000000000000003
230.2135165827274,89646.95101317586,43141.83955384268,1.3341080564447256,0.20683288543741235,3.2001213169611806,0.7000000000000003
230.5387368724975,89647.01878859567,43142.15766271497,1.381514536955708,0.10670106175702689,3.2704869437054023,0.7
230.86377738701037,89647.0742436114,43142.477985075966,1.4177421994914323,0.11612621047211442,3.33933250355,0.699999999999999
231.18899834001164,89647.1175703936,43142.80015998294,1.4569821664803093,0.12520206301016845,3.4068241667962966,0.6999999999999994
231.514831044831,89647.14778113033,43143.12423141348,1.4993117064047905,0.13844049694481694,3.4731277964126783,0.7
231.84076233893288,89647.16319123111,43143.44978375345,1.5493289089985844,0.168773570002832,3.538208657210173,0.700000000000002
232.16623012783919,89647.16067058069,43143.775447927444,1.6094866344266245,0.20086906548103226,3.6020237931509906,0.7000000000000025
232.49127745512058,89647.13690933492,43144.099736311764,1.680182515733036,0.23393235835050719,3.664647549849754,0.7
232.81654636617594,89647.08908211743,43144.42121901743,1.7557862970165568,0.22112240517353438,3.7262606108667855,0.699999999999999
233.1424634358421,89647.01817269444,43144.738920096286,1.8236184877247914,0.19570843262082332,3.7869911589056997,0.699999999999999
233.4689262649378,89646.92696585537,43145.0520782307,1.883478101424752,0.17156024748796841,3.8468623576057306,0.7000000000000008
233.7953821392969,89646.81825709908,43145.35993337924,1.935795303304512,0.1492098592382356,3.9058146682179684,0.7000000000000003
234.1210897264364,89646.6947880596,43145.661735776215,1.981904458067631,0.1389468836951849,3.963758171793777,0.7000000000000022
234.44622874412104,89646.55804996441,43145.956974193745,2.027162792116472,0.13917558569650726,4.020767771112932,0.6999999999999994
234.7711517298871,89646.40827720426,43146.2453771684,2.072389073031259,0.13908573775955296,4.076943174646039,0.6999999999999934
235.09618286906323,89646.2456883925,43146.52670309947,2.1166942361554346,0.12806305404792287,4.132373318583342,0.7
235.4213791589702,89646.07148502338,43146.80119320914,2.15469908842348,0.10578847652188378,4.187097329894456,0.700000000000005
235.7465166333082,89645.88789642863,43147.06959362714,2.1855369647748635,0.08384415945196755,4.241105576861118,0.7000000000000033
236.07153945338698,89645.697239149,43147.332863893425,2.208012590146326,0.05440655627151707,4.294415962874668,0.7000000000000005
236.3965658342588,89645.50197893333,43147.592692137914,2.220897889317826,0.024880389977802068,4.347073198764121,0.7000000000000022
236.72159377874272,89645.30461659779,43147.8509408673,2.224258503180092,-0.0010014404653360487,4.399100421414678,0.7000000000000027
237.04661191199241,89645.10705812529,43148.10903072719,2.224009040482177,-0.000533586229446295,4.450517936627194,0.7000000000000038
237.37162482368262,89644.90954898066,43148.36714887757,2.223911658742888,-6.56477638475696e-05,4.501347351694454,0.7000000000000044
237.69663708904713,89644.71204712603,43148.62526891215,2.2239663694136067,0.00040231551972634013,4.55160907285731,0.7000000000000016
238.02165222305595,89644.51451265783,43148.883365788824,2.224134438864536,0.0004740249078539035,4.601322238197335,0.7
238.34666938172856,89644.3169374185,43149.141434755074,2.224257504225666,0.00028326472444201585,4.650504312638683,0.7000000000000016
238.6716872459044,89644.1193375903,43149.39948661457,2.2243185712907336,9.251314787473577e-05,4.699171775080919,0.7000000000000033
238.99670455210335,89643.9217299151,43149.65753252758,2.2243201578246055,-4.0181002714799706e-05,4.747340265916875,0.7000000000000027
239.3217211970895,89643.72412485082,43149.91557952771,2.2243114689982386,-1.328583636824294e-05,4.795024807378612,0.7000000000000038
239.64673752625347,89643.5265211978,43150.17362699326,2.2243115216064084,1.3609588578275229e-05,4.842239746667432,0.7000000000000011
239.97175388498638,89643.32891649038,43150.43167347111,2.22432031567443,4.0505014893172076e-05,4.888998738640863,0.699999999999999
240.29677045055956,89643.13130870266,43150.68971778267,2.2243324475306507,2.9682914834682e-05,4.935314767898234,0.7000000000000011
240.62178713867382,89642.93369832553,43150.94776032043,2.2243395130863717,1.3795212655421243e-05,4.981200178831841,0.7000000000000033
240.94680386196094,89642.73608674345,43151.20580203478,2.224341414881767,-2.09245541670544e-06,5.026666751854188,0.7000000000000033
241.27182053950077,89642.53847533235,43151.46384387027,2.224338469320464,-1.2250589681728385e-05,5.071725740095977,0.7000000000000055
241.59683717139436,89642.34086491278,43151.72188639893,2.224334645812545,-1.127748353693641e-05,5.116387912131284,0.7000000000000044
241.92185378211678,89642.14325545935,43151.97992962538,2.224331138581342,-1.030437349520347e-05,5.160663573845375,0.7
242.24687039614201,89641.94564687558,43152.237973506555,2.224327947627708,-9.331260216133413e-06,5.204562592768949,0.7
242.5718870247248,89641.74803904312,43152.49601797749,2.2243253767606124,-6.3481673649485425e-06,5.248094421984586,0.6999999999999973
242.89690366185204,89641.55043173603,43152.75406286536,2.2243238228232842,-3.214034637488756e-06,5.291268123431648,0.699999999999999
243.2219203014345,89641.35282469516,43153.012107964,2.2243232875311163,-7.990241606848661e-08,5.334092392287493,0.7
243.54693693762889,89641.15521766324,43153.27015306877,2.2243236805406084,7.555463335644701e-07,5.376575577459268,0.6999999999999984
243.87195357035256,89640.95761062828,43153.528198166154,2.224322890839487,-5.614996879101183e-06,5.418725701301423,0.6999999999999994
244.1969702019474,89640.76000406564,43153.78624362233,2.22432003060585,-1.1985540155332166e-05,5.460550476845479,0.7000000000000011
244.52198683439985,89640.56239848331,43154.04428982918,2.224315665495034,-1.1563083625859985e-05,5.50205732391174,0.7000000000000005
244.84700346763552,89640.3647938487,43154.30233676296,2.2243130264152087,-4.676576516316497e-06,5.543253384262778,0.7000000000000005
245.172020101248,89640.16718960597,43154.560383997545,2.2243126255647194,2.2099305083841412e-06,5.584145536176346,0.7000000000000055
245.49703673483,89639.96958517778,43154.818431090345,2.224314462943557,9.096437525813762e-06,5.624740407895553,0.7000000000000076
245.8220533681259,89639.77198003526,43155.07647763587,2.2243177861303556,9.801521744987219e-06,5.665044390190361,0.7000000000000065
246.14707000124469,89639.57437407268,43155.334523553116,2.224320749784702,8.43541780285508e-06,5.705063648128178,0.6999999999999978
246.4720866343108,89639.3767674027,43155.5925689285,2.2243232694325408,7.06931384545424e-06,5.74480413203846,0.6999999999999945
246.7971032674393,89639.17916013893,43155.850613849194,2.2243253767393893,6.308716610190516e-06,5.784271587837663,0.6999999999999978
247.12211990062917,89638.98155233785,43156.108658358484,2.224327510949344,6.824210983536379e-06,5.823471566714469,0.6999999999999923
247.44713653384278,89638.78394396436,43156.366702429514,2.2243298127035454,7.339705359740594e-06,5.862409434254052,0.7000000000000011
247.77215316704414,89638.58633497499,43156.62474602891,2.2243322965952044,8.221985926312664e-06,5.901090379015798,0.7000000000000098
248.09716980022787,89638.38872528708,43156.882789093324,2.224335296108761,1.02356143944352e-05,5.939519420607197,0.7000000000000022
248.42218643340277,89638.19111474072,43157.140831500314,2.2243389500850625,1.2249242861968926e-05,5.977701417285319,0.699999999999999
248.74720306658,89637.99350316705,43157.39887312059,2.224343258524109,1.4262871328115465e-05,6.015641073124545,0.6999999999999913
249.07221969976524,89637.79589041336,43157.65691383717,2.2243480181075377,1.492350283265356e-05,6.053342944780376,0.6999999999999902
249.3972363329549,89637.59827640805,43157.91495359527,2.224352957949443,1.5473968564345846e-05,6.090811447876864,0.7
249.72225296614616,89637.400661105,43158.17299235951,2.2243580767018676,1.6024434296934743e-05,6.128050863044108,0.7000000000000011
250.04726959933703,89637.20304445646,43158.431030093314,2.224363412297295,1.7053938315971635e-05,6.165065341626385,0.6999999999999978
250.37228623252605,89637.00542637576,43158.68906673034,2.2243692043306935,1.8587520043096355e-05,6.201858911083635,0.6999999999999967
250.69730286571442,89636.80780673627,43158.947102173486,2.2243754948036623,2.0121101770661823e-05,6.2384354801064665,0.6999999999999967
251.02231949890614,89636.61018540923,43159.205136324235,2.2243822857475988,2.1736885930227582e-05,6.2747988434626025,0.7000000000000011
251.34733613209855,89636.41256225464,43159.4631690753,2.224389687663574,2.3811035125525958e-05,6.310952686590906,0.7000000000000022
251.6723527652878,89636.21493710314,43159.72120029695,2.2243977637125374,2.5885184323410295e-05,6.346900589961523,0.7000000000000022
251.99736939847537,89636.0173097808,43159.97922985594,2.2244065140062648,2.7993235337336584e-05,6.3826460332151065,0.7000000000000033
252.32238603166186,89635.8196800889,43160.23725760004,2.224416220893232,3.173839668221821e-05,6.418192399093193,0.7000000000000055
252.64740266485174,89635.6220477353,43160.49528330546,2.2244271450199298,3.548355802865906e-05,6.453542977174899,0.7000000000000065
252.97241929806077,89635.42441240576,43160.75330673149,2.224439297899403,3.9582951898368405e-05,6.488700967430701,0.7000000000000022
253.29743593126693,89635.2267737441,43161.0113276052,2.2244530594682583,4.5099291714850826e-05,6.523669483597765,0.7000000000000076
253.6224525644454,89635.02913130037,43161.269345581866,2.224468611758349,5.015934619199242e-05,6.558451556402213,0.7000000000000055
253.94746919762426,89634.83148484853,43161.52736048827,2.2244832898126905,4.01625194766739e-05,6.593050136630617,0.6999999999999967
254.27248583083318,89634.63383502873,43161.78537281468,2.2244947187320694,3.0165692755738347e-05,6.627468098046001,0.6999999999999978
254.59750246406568,89634.43618267927,43162.04338320328,2.224502898516487,2.0168866044154706e-05,6.661708240169558,0.6999999999999934
254.92251909729444,89634.23852859336,43162.30139226164,2.2245086697858683,1.8453734958204777e-05,6.695773290939833,0.6999999999999913
255.24753573050305,89634.04087295014,43162.55940012697,2.2245151977051822,2.1716020352658595e-05,6.729665909252501,0.7000000000000033
255.57255236368314,89633.84321548592,43162.81740659723,2.224522785921512,2.4978305751641572e-05,6.7633886873820455,0.7000000000000087
255.8975689968342,89633.64555592713,43163.075411462785,2.2245314344348586,2.8240591153863214e-05,6.796944153295575,0.7000000000000033
256.22258562996797,89633.44789400905,43163.333414520814,2.2245409496510757,2.92470402016601e-05,6.830334772864811,0.699999999999999
256.5476022631184,89633.25022964468,43163.59141570469,2.2245502913908477,2.8237647161145193e-05,6.863562951981775,0.6999999999999967
256.87261889631964,89633.05256291246,43163.84941507448,2.2245593050610917,2.722825411167417e-05,6.896631038579526,0.6999999999999934
257.19763552960296,89632.85489389703,43164.10741269504,2.224567990661806,2.6218861054898564e-05,6.929541324567967,0.6999999999999913
257.5226521629871,89632.65722267596,43164.365408625825,2.2245766011314227,3.0025367036857302e-05,6.962296047686634,0.7
257.847668796368,89632.45954887258,43164.62340257817,2.2245886173773526,4.391697742823508e-05,6.994897393269341,0.6999999999999967
258.1726854296491,89632.26187138673,43164.88139370888,2.2246051486277327,5.780858789154704e-05,7.027347495958896,0.6999999999999967
258.49770206280664,89632.06418905364,43165.13938112534,2.2246261948825805,7.170019841578754e-05,7.059648441344676,0.7000000000000055
258.8227186959094,89631.8665007086,43165.397363934906,2.224651756141905,8.559180893691927e-05,7.0918022675286245,0.7000000000000065
259.14773532906514,89631.66880497467,43165.65534108231,2.2246843686796005,0.00011552396132402162,7.12381096662048,0.7000000000000044
259.47275196256305,89631.47109955444,43165.91331080672,2.224726852516553,0.0001459016555943309,7.155676486191875,0.7000000000000011
259.79776859683255,89631.2733819364,43166.171271183135,2.2247781410124743,0.00015918623177226543,7.187400730654762,0.7000000000000033
260.12278522988356,89631.07565111684,43166.42922144052,2.2248275951053564,0.0001451310730428239,7.218985562341015,0.7000000000000044
260.4478018592986,89630.8779081281,43166.68716236595,2.2248726019318017,0.0001333139287548522,7.250432802975905,0.699999999999999
260.7728184881375,89630.68015393674,43166.9450946996,2.224914741233985,0.00012599158522094188,7.2817442354729485,-0.19923712054866846
261.0978351210996,89630.48238918229,43167.20301893652,2.224954500651827,0.00011866923481117243,7.232548259070579,-1.3492371182126177
261.42285176279194,89630.28461447608,43167.46093555069,2.224991880183773,0.00011134687857321842,7.1602863815890325,-1.6000000000000032
261.7478684150221,89630.08683038461,43167.71884498109,2.2250279117453546,0.00011652565515287417,7.0872877590255134,-1.6
262.0728850638546,89629.88903648191,43167.97674689277,2.2250685940795476,0.00013381434850077585,7.013529389898419,-1.5999999999999923
262.3979016930202,89629.69123136978,43168.234640192604,2.2251148955299893,0.00015110307196114246,6.938987050689676,-1.5999999999999934
262.7229182865033,89629.49341360935,43168.49252375573,2.2251668161046965,0.00016839183292842374,6.86363520231758,-1.6
263.04793484893315,89629.29558172518,43168.75039643547,2.2252248927209046,0.0001902239743946303,6.787446883086266,-1.5999999999999968
263.3729514390972,89629.09773389815,43169.008256879926,2.2252905435448698,0.00021376047024600255,6.710393587725869,-1.6000000000000012
263.6979681191368,89628.89986812079,43169.26610362476,2.225363844104652,0.00023729678235491998,6.632445154395605,-1.6
264.0229849516893,89628.70198238373,43169.523935204445,2.225444802176645,0.00026474392742265995,6.553569627454783,-1.5999999999999923
264.3480016594596,89628.50407014515,43169.78174652883,2.225586300615102,0.000605971298015926,6.473733188588545,-1.5999999999999979
264.6730176601581,89628.30610739865,43170.03951854078,2.2258376054143105,0.0008637118404887193,6.3928999831686415,-1.6000000000000043
264.9980335759844,89628.1080838134,43170.29724310688,2.2260062407520516,0.00017399176471840372,6.311031553094434,-1.6000000000000076
265.32305088497475,89627.91004525463,43170.55495699406,2.2259507057946055,-0.0005157245368183376,6.228086694594445,-1.6000000000000012
265.6480707546483,89627.71204596317,43170.81270369738,2.2257630963683543,0.00048344564978016955,6.144021508135286,-1.5999999999999912
265.9730903551767,89627.51398467622,43171.070404598206,2.2266260878989415,0.00482696834797864,6.058790107829961,-1.5999999999999979
266.2981068280494,89627.31552051925,43171.32779291586,2.228900838260913,0.009170783824410379,5.972343330514869,-1.6000000000000087
266.62312044610184,89627.11629217089,43171.584585813216,2.232587420326938,0.013514845305275344,5.884627539596511,-1.6000000000000065
266.9481355000235,89626.91598840797,43171.84053952401,2.2369004342198275,0.011385831218281729,5.795583931514435,-1.6000000000000099
267.2731540449232,89626.71473892644,43172.095754149006,2.2398981510947205,0.0070607682913332625,5.705149758205235,-1.6000000000000072
267.59817404519947,89626.51290253398,43172.350508470125,2.2414902257229494,0.002736080497987838,5.6132583908693565,-1.6
267.92319159437545,89626.31083833086,43172.60508151288,2.241743531580284,-0.00017188771246697058,5.519838186514356,-1.5999999999999994
268.2482074925845,89626.10876585604,43172.85964475005,2.2417781438580144,0.00038487777781418697,5.424809925797683,-1.599999999999999
268.573226680022,89625.90665127028,43173.114174816415,2.2421679193505537,0.0021294060477330353,5.328086085193551,-1.6000000000000028
268.89825075831186,89625.70438458797,43173.36859076332,2.2428046259779304,0.001788545658131088,5.229572093460955,-1.6000000000000016
269.22327551314424,89625.50196830436,43173.62289126864,2.243330568712035,0.001447793225056187,5.129166117922285,-1.5999999999999994
269.5482966734121,89625.29943328274,43173.877095358155,2.243745768976754,0.001107109562868277,5.026756146103055,-1.6000000000000028
269.8733099231751,89625.09681038636,43174.13122205768,2.244050239616442,0.0007664546978051573,4.922218499126509,-1.6000000000000032
270.1983109136187,89624.89413047858,43174.38529039301,2.2442439847443705,0.0004257880456731414,4.815416055100925,-1.599999999999999
270.52329669090466,89624.69142453412,43174.63931972677,2.244320316802493,-1.5110149454041224e-05,4.706195628786444,-1.6000000000000005
270.8482767605109,89624.48872760207,43174.89334173576,2.2442203813484776,-0.0005999139663997702,4.5943814680181605,-1.600000000000006
271.1732635657518,89624.2860798797,43175.147403656134,2.243930404398479,-0.0011846212990915934,4.479774915874423,-1.6000000000000039
271.49826960366397,89624.08352189415,43175.401553721094,2.2434504311378816,-0.0017690298141257567,4.362151301316683,-1.599999999999999
271.82330746018766,89623.8810941725,43175.65584016379,2.242780550767566,-0.0023529354624684555,4.241254865567856,-1.599999999999999
272.1483898453037,89623.67883724193,43175.9103112174,2.2419208969757842,-0.002936131693029341,4.116792343843889,-1.6000000000000032
272.47344041202876,89623.47687815623,43176.16507088896,2.238024537942902,-0.056278020176827946,3.9884605286766326,-1.600000000000004
272.79804180363396,89623.27920731551,43176.42271941761,2.2167602971960116,0.001058559804579667,3.856046282875096,-1.600000000000002
273.1237095757412,89623.08111987813,43176.68032545564,2.245205244036301,0.17309328668868634,3.7184615185492618,-1.600000000000002
273.4478671662312,89622.87604499623,43176.933656620735,2.1896883564395173,-0.9382585398544854,3.5762622632245002,-0.44440117088208947
273.77519655172216,89622.71942785232,43177.21850899313,2.063226614666862,0.20885434038263487,3.6397682501844733,0.7
274.1039724813173,89622.55740185958,43177.504016666135,2.100339965248624,0.018771237427152188,3.7024585367677214,0.7000000000000016
274.43080449298407,89622.39371868645,43177.78833884145,2.075592617535625,-0.17126917481872697,3.763743353739414,0.7000000000000016
274.75383474559715,89622.2477171597,43178.07848895781,1.9873931901923028,-0.3742307547264459,3.823350152219376,0.7
275.0767096214864,89622.13873610602,43178.381480454,1.8340657511646172,-0.5715628842048605,3.8820138089296954,0.7000000000000008
275.4025937662926,89622.07331096794,43178.6997328482,1.7510744154089517,0.07607890041840407,3.9403386929868853,0.7000000000000003
275.72742495412973,89622.01193066634,43179.01915300974,1.7673843799777702,0.023929568439053285,3.997628381731041,0.6999999999999994
276.0521903113843,89621.94817698044,43179.33755539272,1.766693722019679,-0.022108046734037747,4.054097208821956,0.7000000000000014
276.3771939596871,89621.88594488725,43179.65643347301,1.760802899428976,-0.01416529278737417,4.109830809924154,0.7000000000000027
276.7023109631208,89621.82514853899,43179.97576868751,1.7574829770078322,-0.0062660251235736675,4.1648377028413766,0.6999999999999994
277.0274080757181,89621.76499417683,43180.29527358693,1.75672730688253,0.0016172773507021868,4.219124203984192,0.6999999999999978
277.35243294118374,89621.70483562227,43180.61471616878,1.7570724590704068,0.00032266684998791696,4.27270919444527,0.7000000000000022
277.677423173274,89621.6446534706,43180.93409991348,1.7569363579800163,-0.0011603263469952628,4.325624831769803,0.7000000000000065
278.00241651882294,89621.5845946791,43181.253490805066,1.7563183549442138,-0.00262764002281436,4.377901422941367,0.7000000000000038
278.3274890511152,89621.52479191184,43181.57296991068,1.7553152110205463,-0.0036788185537410915,4.429573615394739,0.6999999999999973
278.6523141659493,89621.46538461266,43181.892484319935,1.7538621270489483,-0.004308594220986618,4.480611294786565,0.699999999999999
278.9775617287942,89621.4062839451,43182.21197266136,1.7541168976273571,0.0058611732555336376,4.531139389044641,0.7000000000000033
279.3038780811834,89621.34702858576,43182.532426912134,1.7493200472294077,-0.056136773396038626,4.58127351904432,0.699999999999999
279.62964235689117,89621.29365863027,43182.85417580885,1.7160028390916755,-0.14863707687757724,4.630781472093837,0.7
279.95406903255616,89621.25606772605,43183.17703547408,1.6522241063445653,-0.24425398242455634,4.6795656196081445,0.7000000000000038
280.2782502290749,89621.24408085964,43183.50081474028,1.5610575510336808,-0.26691704084329165,4.727810070565948,0.3022306427711524
280.6036991526769,89621.25871458148,43183.825232560994,1.4983481915212602,-0.11984583937695087,4.721335684502186,-0.8474445763808182
280.9295372354332,89621.28609031705,43184.149855904034,1.4827829301223374,0.02395809715668294,4.609590955923693,-1.6000000000000016
281.25468999604493,89621.31299204243,43184.47423214728,1.4900185139951179,-0.015242698040647701,4.495313108891968,-1.6000000000000016
281.5793970110346,89621.34148086006,43184.79787293861,1.4714213405040188,-0.09930899191848637,4.378216246259322,-1.6
281.9044314304014,89621.38036860875,43185.12027413741,1.425580469687249,-0.18259255491897858,4.2577772789373585,-1.6000000000000012
282.23177406992636,89621.43849695573,43185.44093153318,1.3531121658257736,-0.26042181215894644,4.132937322359897,-1.6000000000000032
282.5624065419364,89621.52370515856,43185.75882346469,1.2647475122653047,-0.2673800296412232,4.002892329319292,-1.6000000000000028
282.89314549811894,89621.63729905836,43186.06955567594,1.1755358063412449,-0.2738447699647534,3.868434094092742,-1.5999999999999992
283.2209098277686,89621.77796666956,43186.36738257064,1.0824884164681525,-0.29317999993527394,3.7304070133780636,-1.5999999999999992
283.54305377341984,89621.94438902297,43186.6465549476,0.9821714545625829,-0.3264001159373569,3.5895787857875816,-1.6000000000000003
283.85849046446737,89622.13517647666,43186.901507579445,0.8757219992902796,-0.2845413281178274,3.446110626202266,-1.5999999999999992
284.17538981769445,89622.34499273368,43187.13694909036,0.8223540089314776,-0.05173806780270705,3.2956942391091895,-1.6000000000000005
284.5019944729881,89622.56254734185,43187.37308783915,0.8420568422986318,0.16682602521119094,3.133123939578175,-1.6
284.8478004264934,89622.77605626982,43187.631417059936,0.9270258732327634,0.325140280017484,2.9512516953897525,-1.599999999999999
285.2131178677453,89622.97615712704,43187.92804520894,1.0042184750629388,-0.004547375563104945,2.7460645945670517,-1.6000000000000005
285.55991367326897,89623.1777178907,43188.22520192377,0.913556232660681,-0.5460962245065607,2.5359661235629813,-1.6000000000000008
285.86869772851577,89623.40955842039,43188.4540933366,0.5896411820231092,-1.5436273665130282,2.333027047221974,-1.6
286.1923560612743,89623.70039755474,43188.54659905163,0.09863172167582306,2.722750153722355,2.09935907796687,-0.43991795562123764
286.52173960900706,89624.00521802621,43188.663460844655,0.4903547469032887,0.34665668470717415,2.2064554165148524,0.7000000000000004
286.84724300139516,89624.28668113949,43188.83008054466,0.565687467198858,0.1096429560075203,2.3074120252809363,0.7000000000000003
287.1704275897889,89624.55969372025,43189.00509554894,0.5608728178148136,-0.14110793087949008,2.4034576505864074,0.6999999999999991
287.4932561214546,89624.83890338206,43189.1665982546,0.474310867844384,-0.39369415192919976,2.4957100437539337,0.6999999999999991
287.81884212536306,89625.13554970249,43189.29688083673,0.35690460085334585,-0.32977178970735205,2.585418540191537,0.6999999999999998
288.14649531907634,89625.44697261073,43189.39536423304,0.25877775070377335,-0.2726731111725393,2.672658507771751,0.7000000000000003
288.47384101101227,89625.76696894054,43189.46583559522,0.17727807752023134,-0.22643053653202966,2.7570613826817545,0.6999999999999993
288.79947137268374,89626.08997768945,43189.512103042674,0.10913926186188519,-0.1913138547318807,2.838533067310488,0.6999999999999993
289.1246539499974,89626.41422115742,43189.538098218865,0.05287064818649019,-0.15430752750933266,2.9176232763080026,0.699999999999999
289.45003524830247,89626.73930244647,43189.54779785013,0.008843451696679546,-0.11638651182102246,2.9946718351233925,0.6999999999999984
289.7757346157365,89627.06482668252,43189.54517872891,-0.022884756013377156,-0.07860736801526516,3.0698596897071604,0.6999999999999994
290.10144569112947,89627.39038707223,43189.53408791302,-0.0453744859441822,-0.08673002778634224,3.1432521407038134,0.7000000000000003
290.42648910887635,89627.71511970987,43189.51339700003,-0.08605655990940013,-0.16360504719473926,3.214824226125706,0.6999999999999997
290.7510332992492,89628.0375704797,43189.47555341984,-0.15178707503316205,-0.23770266897378498,3.2847308369799024,0.6999999999999994
291.07606559374705,89628.35642926152,43189.41451256026,-0.22526002309263396,-0.21469384576016928,3.353282255299084,0.6999999999999997
291.40213238058845,89628.67104359607,43189.33117489,-0.291366155881721,-0.19155129558777287,3.420671773976814,0.6999999999999978
291.72932094318327,89628.98090864129,43189.22799975524,-0.35026630115873,-0.16931796658905304,3.486984280566005,0.6999999999999973
292.0573224415663,89629.28551955504,43189.107446502145,-0.4022940933412935,-0.1485574230168232,3.552219231783239,0.6999999999999997
292.3854928603458,89629.58437149524,43188.971974476925,-0.447865085596638,-0.12946736695146271,3.6163102821718622,0.7
292.712908634834,89629.8769596198,43188.824043025736,-0.4874092489873992,-0.11199125548667688,3.679141495135165,0.7
293.03863960855773,89630.16282611397,43188.66613060056,-0.5204449124751246,-0.08288000820828421,3.7406022916689055,0.7000000000000025
293.3633849093332,89630.44315148625,43188.50138125364,-0.5396082436626255,-0.03473213795991822,3.800887912780951,0.700000000000002
293.6879991136113,89630.72114072918,43188.33376152281,-0.542947475413135,0.014194967979243652,3.860208389648627,0.7000000000000016
294.0130415730918,89630.99993384256,43188.16706014908,-0.5350221047316776,0.014723077274414421,3.918707472469256,0.7000000000000022
294.3380993888186,89631.27970011903,43188.0014960575,-0.5350359676973231,-0.006753517065135756,3.976348726759749,0.7000000000000005
294.6630933521109,89631.55915746308,43187.83554021954,-0.5364866650855439,-0.0021717265577981147,4.03315518489099,0.6999999999999967
294.98809632019385,89631.83847442147,43187.66940034405,-0.5364765227753119,0.001388276476571452,4.089174109857543,0.7000000000000005
295.3131186695365,89632.11785537621,43187.50332589177,-0.5362302049625399,0.00012756771770499679,4.144439188817824,0.7000000000000011
295.63813883825026,89632.39725053776,43187.33725920921,-0.5363766713286616,-0.0007194546457280671,4.198976592695916,0.6999999999999973
295.9631540759063,89632.67660834959,43187.1711404112,-0.5365483991690114,-0.00033726472958422896,4.25281386363507,0.7000000000000022
296.28816926644555,89632.95594581297,43187.004992263486,-0.5365959277474881,3.6593564318384936e-05,4.305978056781249,0.7000000000000033
296.6131860901557,89633.23528275652,43186.83884068768,-0.5365912478153786,-7.795149111376672e-06,4.358494072346069,0.6999999999999984
296.93820326795293,89633.51462013308,43186.672687896185,-0.5366009948225624,-5.218330673571136e-05,4.410384861618309,0.6999999999999984
297.2632200509561,89633.7939548691,43186.506530927385,-0.5366190084806701,-5.2369128483071885e-05,4.461672121951182,0.7000000000000005
297.5882365871476,89634.07328649692,43186.34036937372,-0.5366348666214089,-4.5214410112799296e-05,4.512376455313153,0.7
297.9132530390926,89634.3526155406,43186.174203799805,-0.5366483993340582,-3.805958307236107e-05,4.562517321302733,0.7000000000000027
298.2382695634442,89634.6319425343,43186.00803478655,-0.5366589802054172,-1.5049226135160186e-05,4.612113121041126,0.6999999999999994
298.563286180686,89634.91126905294,43185.841864785485,-0.5366521097787216,5.732659993425979e-05,4.661181256443293,0.6999999999999978
298.88830285447494,89635.1905987318,43185.67569995072,-0.5366217160135597,0.00012970236846350795,4.709738214457654,0.7000000000000027
299.21331954916496,89635.46993544835,43185.509546871624,-0.5365677989121089,0.0002020781509894653,4.757799640725616,0.7000000000000033
299.5383362339228,89635.74928226469,43185.34341076487,-0.5365124789873172,7.013981856061243e-05,4.805380399089104,0.7
299.86335288940523,89636.0286327486,43185.17728086388,-0.53652775781674,-0.0001641585842238977,4.852494626233519,0.642547365303901
300.18836949842586,89636.30797433546,43185.011136078174,-0.5366191875471654,-0.00039845715845344737,4.891526868257236,-0.5074525432357051
300.51338605058703,89636.58729435806,43184.84495514463,-0.5367867682228598,-0.0006327559759826193,4.784034085995488,-1.6000000000000016
300.83840257137996,89636.86658663164,43184.67872767759,-0.536881222697062,0.00030614983920137183,4.674069882814046,-1.6000000000000054
301.16341915375557,89637.1458955902,43184.51252822883,-0.5365762910833408,0.0015702564262948754,4.561455492036216,-1.599999999999999
301.4884360152749,89637.42528946079,43184.3464712742,-0.5358605044339422,0.0028343558386938173,4.445989456686278,-1.5999999999999994
301.8134528259828,89637.7048263158,43184.18065436097,-0.535219294451808,-0.003752359937473268,4.327443639690792,-1.5999999999999994
302.13846521831505,89637.98417727531,43184.014529813314,-0.5378477772831056,-0.006778321489576437,4.205559273061911,-1.599999999999995
302.46347604086225,89638.26316835183,43183.84780728599,-0.5391415770886033,-0.0011832006823332575,4.080036049728727,-1.6000000000000014
302.788486728847,89638.5420946279,43183.68097788293,-0.5386168772077676,0.004412015179804003,3.950526542821204,-1.600000000000005
303.11349964783295,89638.82126049987,43183.5145482255,-0.5362736870441275,0.010007017791385986,3.8166239826291153,-1.6000000000000014
303.43852131797354,89639.10097036407,43183.34902493507,-0.5321121388933875,0.015600842398724607,3.677845739061095,-1.6000000000000016
303.7635656373759,89639.38152861685,43183.18491463302,-0.5261327203243396,0.021191036229047375,3.53361110738608,-1.6000000000000014
304.0883515796222,89639.66345895344,43183.02316648308,-0.4991250956352154,0.4333863136071864,3.38335520497835,-1.6
304.4136144753826,89639.95766085715,43182.88612066103,-0.38008349370308125,0.2982976885161437,3.225872157513514,-1.6000000000000014
304.7404833460238,89640.26517683986,43182.77773973889,-0.30491966941423443,0.16388729958149742,3.0594559631687916,-1.6000000000000005
305.06494168333046,89640.5800074863,43182.69279456885,-0.15049266060064612,1.4419603547020334,2.884788399724961,-0.4442215919784662
305.3926771003079,89640.89771502663,43182.63539253661,-0.3520942504203642,-0.02421856211028352,2.963247153876316,0.7
305.7178696028019,89641.21473861046,43182.56549762208,-0.12880869331810263,0.24757353242793154,3.039095786323247,0.6999999999999992
306.0438551766791,89641.53889535503,43182.536189315,-0.053182570087942645,0.2171313678701389,3.1132752852704435,0.699999999999999
306.3706912145422,89641.86520730745,43182.52987276055,0.012886386366189643,0.18799207239629287,3.185914853677691,0.7000000000000008
306.6978412470745,89642.19193250236,43182.54364484983,0.06989858550607285,0.1610467109023332,3.2570022260399774,0.7000000000000014
307.02428081269164,89642.51732897443,43182.57460247389,0.11846936418729613,0.13649462751026503,3.3264213341507656,0.7000000000000014
307.34919205583753,89642.83979467672,43182.6197386982,0.15731227687165936,0.09451989420629073,3.394105866454022,0.7000000000000011
307.6737153830693,89643.15974953733,43182.67454619231,0.1789660910167321,0.038670280873103625,3.4603883150337436,0.6999999999999997
307.99886685560904,89643.47913417025,43182.73338920888,0.18238030192091897,-0.0175555819631955,3.5255495106972634,0.6999999999999981
308.32546815038484,89643.79991072118,43182.79064967237,0.1701152941374574,0.014770609068965922,3.589810742234725,0.699999999999999
308.6497731323506,89644.11933207468,43182.854381048695,0.2485672148883447,0.4722396752934998,3.6525016276267315,0.6999999999999994
308.97493126315356,89644.42450501943,43182.96200680553,0.4194824933796586,0.33187464079344425,3.714295292910897,0.6999999999999967
309.300839167415,89644.71893482575,43183.102011519906,0.442078270916551,-0.09458247642385174,3.7752166280766013,0.6999999999999981
309.62581578631136,89645.0148199795,43183.237362091095,0.418329900374506,-0.05116229293116066,3.835000372276509,0.7000000000000014
309.95046669637935,89645.3123611834,43183.36753575659,0.4088813797940452,-0.006949207882935354,3.89380779308072,0.7000000000000005
310.2752478085809,89645.61012122662,43183.49699038047,0.4132916102751988,0.02414452691742405,3.951763237662185,0.6999999999999962
310.6002362243903,89645.90720786124,43183.62849626356,0.41967410144384276,0.015154655980485343,4.008917119207065,0.6999999999999986
310.9253410153379,89646.20379223404,43183.76153073854,0.4231446643177022,0.006204413917157203,4.065287588350682,0.7000000000000022
311.25046141126205,89646.50016836918,43183.895190629126,0.42370949303509825,-0.0027290447195282242,4.120889677034794,0.6999999999999973
311.575503748437,89646.79662760971,43184.02858099188,0.4216197053378208,-0.006823424931012892,4.175738378099951,0.6999999999999956
311.90050021614917,89647.09328061085,43184.1613617271,0.4204287822063893,-0.0005036009066542088,4.22986832621701,0.6999999999999978
312.225510302263,89647.38995203463,43184.29407107206,0.42095266945246423,0.0018704427695292853,4.283316492823433,0.6999999999999973
312.5505319761168,89647.6865626598,43184.42695471567,0.42137669628836105,0.0007388884457692316,4.336107761701569,0.6999999999999973
312.8755540218759,89647.98314682597,43184.559912038116,0.42143317766791283,-0.00035444110969831666,4.388264051438945,0.699999999999999
313.20057196952035,89648.27973522022,43184.69285276846,0.4213420010796523,-0.00020660852752261887,4.439807035429979,0.6999999999999962
313.5255873826785,89648.57632951498,43184.82577222609,0.4212988755219534,-5.8764427950622864e-05,4.490758075233507,0.6999999999999929
313.85060182295825,89648.8729247481,43184.95868530183,0.42130380274102425,8.908478968124267e-05,4.541137336248111,0.6999999999999967
314.1756167802384,89649.16951600002,43185.09160677337,0.4213531759446915,0.00016504963522405674,4.590963869043055,0.6999999999999967
314.50063266855904,89649.46610142419,43185.224543255776,0.4213930157845512,8.010720954727889e-05,4.6402555415092905,0.6999999999999951
314.82564954067703,89649.7626842608,43185.35748785173,0.42140524825354464,-4.834017013542921e-06,4.689029229112661,0.6999999999999978
315.1506674490198,89650.05926822795,43185.49043239483,0.42138987359641616,-8.977392066278224e-05,4.737300938630852,0.7000000000000011
315.47568635559315,89650.35585701467,43185.623368765584,0.4213489931310077,-0.00012081720330878485,4.7850858563201815,0.7000000000000033
315.8007040686201,89650.65245042705,43185.75629512715,0.42133243267265147,1.891270124918691e-05,4.83239810555724,0.7000000000000055
316.12571748393947,89650.94904051677,43185.88922218891,0.42136128749918667,0.00015864923042459885,4.879250990883774,0.7000000000000016
316.4507281340978,89651.24562195994,43186.02215659684,0.4213390807601833,-0.0006535548910474819,4.925657838528977,0.7000000000000011
316.77575510064054,89651.54223781526,43186.15502920533,0.42090135486564456,-0.0020398743247132096,4.971633825556926,0.7000000000000027
317.1007965980054,89651.83894672025,43186.28774570805,0.42044840583446813,0.00018403103537077104,5.017190547680303,0.7
317.425793814921,89652.1356345336,43186.42047569032,0.42107368760979663,0.003664283654808603,5.062331191794394,0.7000000000000033
317.75070648642435,89652.43210924767,43186.553505340264,0.4222510174618354,-0.0013199360310541545,5.107061271956616,0.16763515993750822
318.07566920187656,89652.72864189536,43186.68633307242,0.41912200983977105,-0.01793401175966541,5.083805761855771,-0.9825525057398523
318.40087260230433,89653.02607337669,43186.817487956614,0.41060096812433855,-0.03446943939570648,4.980404616385006,-1.5999999999999979
318.7263471614808,89653.32530071627,43186.94527644158,0.39441175670178324,-0.07320061402480599,4.874721689855159,-1.5999999999999968
319.0515795210542,89653.62749797247,43187.065868931364,0.3621423191817496,-0.12527649519804213,4.76677752815354,-1.6000000000000032
319.3765175236306,89653.93403388228,43187.17393477668,0.3128777482895875,-0.1778475223643604,4.656432797181237,-1.6000000000000054
319.7017390786099,89654.246207457,43187.26426912488,0.24959134595311838,-0.19531536062918056,4.5433090824564575,-1.6000000000000016
320.02735104208955,89654.56384612429,43187.33479842343,0.18807696489722175,-0.18291598885352586,4.427154744934537,-1.599999999999996
320.35313134957295,89654.88542087504,43187.386335404386,0.130357361226496,-0.17171595228980993,4.30780711634696,-1.599999999999996
320.6786777216985,89655.20935374085,43187.419799989955,0.0760294367480293,-0.1628245009152743,4.185146802783365,-1.5999999999999972
321.00403028580433,89655.53434141508,43187.43600545499,0.023907156037235002,-0.1574918136498085,4.058857666352576,-1.599999999999999
321.3293984310034,89655.8596532439,43187.435542721505,-0.026462741999160256,-0.15215977254340732,3.928504485306334,-1.6000000000000016
321.6549065157477,89656.18463019299,43187.41897490255,-0.07513072375640473,-0.14697424851992505,3.793615903052162,-1.6000000000000014
321.9803650212107,89656.50850285181,43187.38648671186,-0.12667908323737193,-0.17702583822630172,3.6537726259865697,-1.5999999999999983
322.30543156430673,89656.82967638894,43187.335433100714,-0.19079066407163364,-0.21736811301814443,3.508538365830052,-1.5999999999999983
322.6305019688783,89657.14621937332,43187.26205635748,-0.26472667338859335,-0.21569820374848528,3.3570248986077424,-1.6
322.95584535498324,89657.45712814538,43187.16681194228,-0.32728400337973795,-0.1692470051423248,3.1982053302339084,-1.6
323.2811642232244,89657.7623011283,43187.05417076401,-0.3797412195685014,-0.16161581883651957,3.0310884111099323,-1.5999999999999983
323.6065209873528,89658.06112136501,43186.9256391118,-0.4328560013481792,-0.16495405658734616,2.8541820738618013,-1.5999999999999979
323.93205415235565,89658.35270521035,43186.781215649295,-0.4871074191600108,-0.16848084520958076,2.66545477972238,-1.5999999999999999
324.25788743722364,89658.63617657551,43186.62093975863,-0.5419272831901073,-0.1663939004713321,2.462109394638526,-1.6
324.5839029174988,89658.9107604346,43186.445400129654,-0.5954745242929468,-0.16231611470338644,2.240252917482047,-1.5999999999999996
324.90990154448014,89659.1757444014,43186.255525916866,-0.6478445532010204,-0.15909495833697554,1.9938750030898424,-1.5999999999999994
325.23563015636995,89659.4304170242,43186.052251354995,-0.6992905122572478,-0.15679112953846985,1.712660494639586,-1.5999999999999999
325.5604227934624,89659.67399930621,43185.836445536486,-0.7795382969675272,-6.336233727978053,1.3761793237813331,0.0
